epochs_k,live_pct,emb,bits,start_time,end_time,elapsed_sec
3,0.8,5,16,2026-07-28 16:10:47,2026-07-28 16:11:14,26.74309206008911
3,0.8,5,16,2026-07-28 16:11:18,2026-07-28 16:11:46,27.869720935821533
3,0.8,5,16,2026-07-28 16:11:50,2026-07-28 16:12:17,26.473870038986206
3,0.8,5,16,2026-07-28 16:12:21,2026-07-28 16:12:48,26.29369306564331
3,0.8,5,16,2026-07-28 16:12:51,2026-07-28 16:13:19,27.914406061172485
3,0.8,5,16,2026-07-28 16:13:24,2026-07-28 17:47:23,5639.311508893967
3,0.8,5,16,2026-07-28 17:47:26,2026-07-28 18:59:31,4324.803500175476
3,0.8,5,16,2026-07-28 18:59:34,2026-07-28 19:01:25,110.55531311035156
3,0.8,5,16,2026-07-28 19:01:27,2026-07-28 19:53:15,3107.1705441474915
3,0.8,5,16,2026-07-28 19:53:18,2026-07-28 20:13:06,1188.5633080005646
3,0.8,5,16,2026-07-28 20:13:09,2026-07-28 20:15:28,139.23113298416138
3,0.8,5,16,2026-07-28 20:15:31,2026-07-28 20:15:59,27.736462831497192
3,0.8,5,16,2026-07-28 20:16:02,2026-07-28 20:16:30,27.84929895401001
3,0.8,5,16,2026-07-28 20:16:35,2026-07-28 20:21:47,312.1001880168915
3,0.8,5,16,2026-07-28 20:21:51,2026-07-28 20:22:19,27.394232988357544
3,0.8,5,16,2026-07-28 20:22:23,2026-07-28 20:22:50,26.62701392173767
3,0.8,5,16,2026-07-28 20:22:55,2026-07-28 20:23:21,26.369925022125244
3,0.8,5,16,2026-07-28 20:23:26,2026-07-28 20:23:54,28.49726915359497
3,0.8,5,16,2026-07-28 20:23:58,2026-07-28 20:24:25,26.812843084335327
3,0.8,5,16,2026-07-28 20:24:30,2026-07-28 20:24:56,26.557374000549316
3,0.8,5,16,2026-07-28 20:25:01,2026-07-28 20:25:31,29.463871002197266
3,0.8,5,16,2026-07-28 20:25:36,2026-07-28 20:26:03,26.437740087509155
3,0.8,5,16,2026-07-28 20:26:07,2026-07-28 20:26:34,26.74707293510437
3,0.8,5,16,2026-07-28 20:26:39,2026-07-28 20:27:05,26.011499166488647
3,0.8,5,16,2026-07-28 20:27:09,2026-07-28 20:27:36,26.493103981018066
3,0.8,5,16,2026-07-28 20:27:41,2026-07-28 20:28:06,25.7728009223938
3,0.8,5,16,2026-07-28 20:28:11,2026-07-28 20:28:38,27.27157688140869
3,0.8,5,16,2026-07-28 20:28:43,2026-07-28 20:29:10,26.79940414428711
3,0.8,5,16,2026-07-28 20:29:15,2026-07-28 20:29:41,26.594029188156128
3,0.8,5,16,2026-07-28 20:29:46,2026-07-28 20:30:11,25.64606213569641
3,0.8,5,16,2026-07-28 20:30:16,2026-07-28 20:30:50,34.34057378768921
3,0.8,5,16,2026-07-28 20:30:55,2026-07-28 20:31:22,27.091800928115845
3,0.8,5,16,2026-07-28 20:31:27,2026-07-28 20:31:54,26.514755964279175
3,0.8,5,16,2026-07-28 20:31:58,2026-07-28 20:32:25,27.38516592979431
3,0.8,5,16,2026-07-28 20:32:30,2026-07-28 20:32:56,26.41199493408203
3,0.8,5,16,2026-07-28 20:33:01,2026-07-28 20:33:27,25.757285118103027
3,0.8,5,16,2026-07-28 20:33:32,2026-07-28 20:33:59,26.969852924346924
3,0.8,5,16,2026-07-28 20:34:04,2026-07-28 20:34:29,25.564078092575073
3,0.8,5,16,2026-07-28 20:34:34,2026-07-28 20:35:24,50.38624095916748
3,0.8,5,16,2026-07-28 20:35:29,2026-07-28 20:35:56,26.777711153030396
3,0.8,5,16,2026-07-28 20:36:00,2026-07-28 20:36:26,26.069921016693115
3,0.8,5,16,2026-07-28 20:36:31,2026-07-28 20:36:56,25.527436017990112
3,0.8,5,16,2026-07-28 20:36:59,2026-07-28 20:39:56,176.81854605674744
3,0.8,5,16,2026-07-28 20:39:59,2026-07-28 20:41:18,78.46451592445374
3,0.8,5,16,2026-07-28 20:41:22,2026-07-28 20:41:50,27.483921766281128
3,0.8,5,16,2026-07-28 20:41:54,2026-07-28 20:42:20,25.64580512046814
3,0.8,5,16,2026-07-28 20:42:24,2026-07-28 20:42:54,30.134639978408813
3,0.8,5,16,2026-07-28 20:42:59,2026-07-28 20:43:24,25.889781951904297
3,0.8,5,16,2026-07-28 20:43:29,2026-07-28 20:43:55,26.22968292236328
3,0.8,5,16,2026-07-28 20:44:00,2026-07-28 20:44:25,25.369925022125244
3,0.8,5,16,2026-07-28 20:44:30,2026-07-28 20:44:57,26.699043035507202
3,0.8,5,16,2026-07-28 20:45:01,2026-07-28 20:45:38,36.278510093688965
3,0.8,5,16,2026-07-28 20:45:41,2026-07-28 20:46:08,27.441190004348755
3,0.8,5,16,2026-07-28 20:46:11,2026-07-28 20:46:39,27.751633882522583
3,0.8,5,16,2026-07-28 20:46:41,2026-07-28 20:57:22,640.2698769569397
3,0.8,5,16,2026-07-28 20:57:26,2026-07-28 20:57:53,26.828567028045654
3,0.8,5,16,2026-07-28 20:57:56,2026-07-28 20:58:24,27.497257947921753
3,0.8,5,16,2026-07-28 20:58:26,2026-07-28 20:58:54,27.451762199401855
3,0.8,5,16,2026-07-28 20:58:57,2026-07-28 20:59:26,28.859372854232788
3,0.8,5,16,2026-07-28 20:59:29,2026-07-28 20:59:57,28.13196587562561
3,0.8,5,16,2026-07-28 21:00:00,2026-07-28 21:00:27,26.967589855194092
3,0.8,5,16,2026-07-28 21:00:30,2026-07-28 21:00:58,28.26706886291504
3,0.8,5,16,2026-07-28 21:01:01,2026-07-28 21:01:29,27.329066038131714
3,0.8,5,16,2026-07-28 21:01:32,2026-07-28 21:01:59,27.555488109588623
3,0.8,5,16,2026-07-28 21:02:02,2026-07-28 21:02:30,28.21272110939026
3,0.8,5,16,2026-07-28 21:02:34,2026-07-28 21:03:03,28.793179988861084
3,0.8,5,16,2026-07-28 21:03:07,2026-07-28 21:03:34,27.080738067626953
3,0.8,5,16,2026-07-28 21:03:37,2026-07-28 21:04:04,27.2759211063385
3,0.8,5,16,2026-07-28 21:04:09,2026-07-28 21:04:34,25.592505931854248
3,0.8,5,16,2026-07-28 21:04:39,2026-07-28 21:05:05,26.700019121170044
3,0.8,5,16,2026-07-28 21:05:10,2026-07-28 21:05:36,26.455833911895752
3,0.8,5,16,2026-07-28 21:05:39,2026-07-28 21:06:07,27.50286102294922
3,0.8,5,16,2026-07-28 21:06:10,2026-07-28 21:06:37,27.06193995475769
3,0.8,5,16,2026-07-28 21:06:40,2026-07-28 21:07:08,27.561746835708618
3,0.8,5,16,2026-07-28 21:07:11,2026-07-28 21:07:39,28.186476945877075
3,0.8,5,16,2026-07-28 21:07:42,2026-07-28 21:08:09,27.626017808914185
3,0.8,5,16,2026-07-28 21:08:13,2026-07-28 21:08:40,27.50168800354004
3,0.8,5,16,2026-07-28 21:08:43,2026-07-28 21:09:11,28.155061960220337
3,0.8,5,16,2026-07-28 21:09:14,2026-07-28 21:09:42,27.723526000976562
3,0.8,5,16,2026-07-28 21:09:47,2026-07-28 21:10:15,28.05884099006653
3,0.8,5,16,2026-07-28 21:10:18,2026-07-28 21:10:46,27.954555988311768
3,0.8,5,16,2026-07-28 21:10:49,2026-07-28 21:11:17,27.833872079849243
3,0.8,5,16,2026-07-28 21:11:20,2026-07-28 21:11:47,27.683363914489746
3,0.8,5,16,2026-07-28 21:11:50,2026-07-28 21:12:19,28.036942958831787
3,0.8,5,16,2026-07-28 21:12:23,2026-07-28 21:12:50,26.441649913787842
3,0.8,5,16,2026-07-28 21:12:52,2026-07-28 21:13:20,27.4863600730896
3,0.8,5,16,2026-07-28 21:13:25,2026-07-28 21:13:51,26.43273401260376
3,0.8,5,16,2026-07-28 21:13:54,2026-07-28 21:14:22,27.736947059631348
3,0.8,5,16,2026-07-28 21:14:26,2026-07-28 21:14:51,25.42055583000183
3,0.8,5,16,2026-07-28 21:14:56,2026-07-28 21:15:23,26.7933669090271
3,0.8,5,16,2026-07-28 21:15:27,2026-07-28 21:15:53,26.064913034439087
3,0.8,5,16,2026-07-28 21:15:58,2026-07-28 21:16:24,26.026381015777588
3,0.8,5,16,2026-07-28 21:16:29,2026-07-28 21:16:54,25.687147855758667
3,0.8,5,16,2026-07-28 21:16:59,2026-07-28 21:17:25,26.274126052856445
3,0.8,5,16,2026-07-28 21:17:30,2026-07-28 21:17:55,25.42188286781311
3,0.8,5,16,2026-07-28 21:18:00,2026-07-28 21:18:26,25.841850996017456
3,0.8,5,16,2026-07-28 21:18:31,2026-07-28 21:18:56,25.770363092422485
3,0.8,5,16,2026-07-28 21:19:01,2026-07-28 21:19:27,26.085511922836304
3,0.8,5,16,2026-07-28 21:19:32,2026-07-28 21:19:58,25.97908115386963
3,0.8,5,16,2026-07-28 21:20:02,2026-07-28 21:20:29,26.680725812911987
5,0.8,5,16,2026-07-28 21:20:33,2026-07-28 21:21:19,45.169432163238525
5,0.8,5,16,2026-07-28 21:21:23,2026-07-28 21:22:08,44.21358609199524
5,0.8,5,16,2026-07-28 21:22:12,2026-07-28 21:22:58,46.08979392051697
5,0.8,5,16,2026-07-28 21:23:03,2026-07-28 21:23:50,46.63092494010925
5,0.8,5,16,2026-07-28 21:23:55,2026-07-28 21:24:41,46.22596502304077
5,0.8,5,16,2026-07-28 21:24:47,2026-07-28 21:25:31,43.85468316078186
5,0.8,5,16,2026-07-28 21:25:35,2026-07-28 21:26:20,44.77426505088806
5,0.8,5,16,2026-07-28 21:26:27,2026-07-28 21:27:09,42.51643109321594
5,0.8,5,16,2026-07-28 21:27:16,2026-07-28 21:27:59,43.639132022857666
5,0.8,5,16,2026-07-28 21:28:04,2026-07-28 21:28:49,44.46778416633606
5,0.8,5,16,2026-07-28 21:28:53,2026-07-28 21:29:38,44.353557109832764
5,0.8,5,16,2026-07-28 21:29:42,2026-07-28 21:30:27,45.44574308395386
5,0.8,5,16,2026-07-28 21:30:32,2026-07-28 21:31:19,47.24615812301636
5,0.8,5,16,2026-07-28 21:31:24,2026-07-28 21:32:08,43.822470903396606
5,0.8,5,16,2026-07-28 21:32:12,2026-07-28 21:32:57,45.21241593360901
5,0.8,5,16,2026-07-28 21:33:02,2026-07-28 21:33:48,45.685909032821655
5,0.8,5,16,2026-07-28 21:33:52,2026-07-28 21:34:38,45.59603500366211
5,0.8,5,16,2026-07-28 21:34:43,2026-07-28 21:35:30,47.15544104576111
5,0.8,5,16,2026-07-28 21:35:35,2026-07-28 21:36:20,45.73724603652954
5,0.8,5,16,2026-07-28 21:36:25,2026-07-28 21:37:10,44.922569036483765
5,0.8,5,16,2026-07-28 21:37:15,2026-07-28 21:38:00,44.635493993759155
5,0.8,5,16,2026-07-28 21:38:04,2026-07-28 21:38:49,44.412976026535034
5,0.8,5,16,2026-07-28 21:38:53,2026-07-28 21:39:39,45.44254994392395
5,0.8,5,16,2026-07-28 21:39:45,2026-07-28 21:40:31,45.94213604927063
5,0.8,5,16,2026-07-28 21:40:37,2026-07-28 21:41:24,47.04454493522644
5,0.8,5,16,2026-07-28 21:41:29,2026-07-28 21:42:13,44.27942085266113
5,0.8,5,16,2026-07-28 21:42:18,2026-07-28 21:43:03,44.60945987701416
5,0.8,5,16,2026-07-28 21:43:08,2026-07-28 21:43:53,44.91451978683472
5,0.8,5,16,2026-07-28 21:43:59,2026-07-28 21:44:42,42.54545497894287
5,0.8,5,16,2026-07-28 21:44:47,2026-07-28 21:45:32,45.314741134643555
5,0.8,5,16,2026-07-28 21:45:38,2026-07-28 21:46:23,44.830463886260986
5,0.8,5,16,2026-07-28 21:46:29,2026-07-28 21:47:14,44.63902401924133
5,0.8,5,16,2026-07-28 21:47:18,2026-07-28 21:48:03,44.6842679977417
5,0.8,5,16,2026-07-28 21:48:08,2026-07-28 21:48:53,44.93998885154724
5,0.8,5,16,2026-07-28 21:48:57,2026-07-28 21:49:43,45.1355299949646
5,0.8,5,16,2026-07-28 21:49:47,2026-07-28 21:50:32,45.09385299682617
5,0.8,5,16,2026-07-28 21:50:37,2026-07-28 21:51:21,44.54593515396118
5,0.8,5,16,2026-07-28 21:51:26,2026-07-28 21:52:12,45.54097604751587
5,0.8,5,16,2026-07-28 21:52:18,2026-07-28 21:53:02,43.9973258972168
5,0.8,5,16,2026-07-28 21:53:07,2026-07-28 21:53:53,45.960610151290894
5,0.8,5,16,2026-07-28 21:53:59,2026-07-28 21:54:44,44.39468288421631
5,0.8,5,16,2026-07-28 21:54:49,2026-07-28 21:55:34,45.88176083564758
5,0.8,5,16,2026-07-28 21:55:41,2026-07-28 21:56:26,44.63956809043884
5,0.8,5,16,2026-07-28 21:56:31,2026-07-28 21:57:15,44.54131507873535
5,0.8,5,16,2026-07-28 21:57:20,2026-07-28 21:58:05,45.61052584648132
5,0.8,5,16,2026-07-28 21:58:10,2026-07-28 21:58:55,45.05817103385925
5,0.8,5,16,2026-07-28 21:59:00,2026-07-28 21:59:46,45.379443883895874
5,0.8,5,16,2026-07-28 21:59:51,2026-07-28 22:00:36,44.88432788848877
5,0.8,5,16,2026-07-28 22:00:40,2026-07-28 22:01:27,46.306740045547485
5,0.8,5,16,2026-07-28 22:01:32,2026-07-28 22:02:17,45.238518953323364
5,0.8,5,16,2026-07-28 22:02:22,2026-07-28 22:03:07,45.268669843673706
5,0.8,5,16,2026-07-28 22:03:12,2026-07-28 22:03:58,45.57795286178589
5,0.8,5,16,2026-07-28 22:04:04,2026-07-28 22:04:48,43.85788083076477
5,0.8,5,16,2026-07-28 22:04:53,2026-07-28 22:05:37,44.526129961013794
5,0.8,5,16,2026-07-28 22:05:42,2026-07-28 22:06:27,45.05092191696167
5,0.8,5,16,2026-07-28 22:06:32,2026-07-28 22:07:16,44.306715965270996
5,0.8,5,16,2026-07-28 22:07:21,2026-07-28 22:08:05,44.41769003868103
5,0.8,5,16,2026-07-28 22:08:10,2026-07-28 22:08:54,44.60835599899292
5,0.8,5,16,2026-07-28 22:08:59,2026-07-28 22:09:43,43.94495892524719
5,0.8,5,16,2026-07-28 22:09:48,2026-07-28 22:10:32,44.46898102760315
5,0.8,5,16,2026-07-28 22:10:37,2026-07-28 22:15:25,287.97082591056824
5,0.8,5,16,2026-07-28 22:15:30,2026-07-28 22:29:36,846.4613440036774
5,0.8,5,16,2026-07-28 22:29:41,2026-07-28 22:30:35,54.199512004852295
5,0.8,5,16,2026-07-28 22:30:40,2026-07-28 22:36:21,341.4612600803375
5,0.8,5,16,2026-07-28 22:36:26,2026-07-28 22:37:24,57.394787073135376
5,0.8,5,16,2026-07-28 22:37:29,2026-07-28 23:00:33,1383.8057088851929
5,0.8,5,16,2026-07-28 23:00:37,2026-07-29 03:22:41,15724.116723060608
5,0.8,5,16,2026-07-29 03:22:46,2026-07-29 05:15:24,6757.338711023331
5,0.8,5,16,2026-07-29 05:15:28,2026-07-29 08:10:09,10480.65907907486
5,0.8,5,16,2026-07-29 08:10:14,2026-07-29 08:13:21,187.3043248653412
5,0.8,5,16,2026-07-29 08:13:26,2026-07-29 08:19:20,353.8344440460205
5,0.8,5,16,2026-07-29 08:19:24,2026-07-29 08:20:10,45.86725401878357
5,0.8,5,16,2026-07-29 08:20:15,2026-07-29 08:21:00,44.964622020721436
5,0.8,5,16,2026-07-29 08:21:05,2026-07-29 08:21:50,44.813299894332886
5,0.8,5,16,2026-07-29 08:21:54,2026-07-29 08:22:39,44.5769419670105
5,0.8,5,16,2026-07-29 08:22:44,2026-07-29 08:23:28,44.28154492378235
5,0.8,5,16,2026-07-29 08:23:33,2026-07-29 08:24:17,43.841583013534546
5,0.8,5,16,2026-07-29 08:24:22,2026-07-29 08:25:06,44.546632051467896
5,0.8,5,16,2026-07-29 08:27:33,2026-07-29 08:28:19,46.54015588760376
5,0.8,5,16,2026-07-29 08:28:24,2026-07-29 08:29:09,44.414510011672974
5,0.8,5,16,2026-07-29 08:29:13,2026-07-29 08:29:58,44.422921895980835
5,0.8,5,16,2026-07-29 08:30:03,2026-07-29 08:30:47,44.636033058166504
5,0.8,5,16,2026-07-29 08:30:52,2026-07-29 08:41:59,666.9712018966675
5,0.8,5,16,2026-07-29 08:42:05,2026-07-29 08:50:13,487.81264209747314
5,0.8,5,16,2026-07-29 08:50:18,2026-07-29 09:06:50,991.5645320415497
5,0.8,5,16,2026-07-29 09:06:54,2026-07-29 09:07:23,28.99870800971985
5,0.8,5,16,2026-07-29 09:07:25,2026-07-29 09:09:02,96.740797996521
5,0.8,5,16,2026-07-29 09:09:05,2026-07-29 09:09:27,21.70604181289673
5,0.8,5,16,2026-07-29 09:09:29,2026-07-29 09:09:51,21.91317105293274
5,0.8,5,16,2026-07-29 09:09:53,2026-07-29 09:10:15,21.775628089904785
5,0.8,5,16,2026-07-29 09:10:17,2026-07-29 09:10:39,21.874400854110718
5,0.8,5,16,2026-07-29 09:10:41,2026-07-29 09:11:03,21.664911031723022
5,0.8,5,16,2026-07-29 09:11:05,2026-07-29 09:11:27,21.630228996276855
5,0.8,5,16,2026-07-29 09:11:29,2026-07-29 09:11:51,21.92245101928711
5,0.8,5,16,2026-07-29 09:11:53,2026-07-29 09:12:15,21.67797088623047
5,0.8,5,16,2026-07-29 09:12:17,2026-07-29 09:12:39,21.873266220092773
5,0.8,5,16,2026-07-29 09:12:41,2026-07-29 09:13:03,22.174761056900024
5,0.8,5,16,2026-07-29 09:13:06,2026-07-29 09:13:28,21.87088394165039
5,0.8,5,16,2026-07-29 09:13:30,2026-07-29 09:13:52,21.846306085586548
5,0.8,5,16,2026-07-29 09:13:54,2026-07-29 09:14:19,24.19717812538147
10,0.8,5,16,2026-07-29 09:14:24,2026-07-29 09:15:07,42.91124892234802
10,0.8,5,16,2026-07-29 09:15:11,2026-07-29 09:16:14,63.26258111000061
10,0.8,5,16,2026-07-29 09:16:20,2026-07-29 09:17:23,63.44575500488281
10,0.8,5,16,2026-07-29 09:17:28,2026-07-29 09:18:32,63.6584370136261
10,0.8,5,16,2026-07-29 09:18:37,2026-07-29 09:19:41,63.99638915061951
10,0.8,5,16,2026-07-29 09:19:45,2026-07-29 09:20:50,64.94374895095825
10,0.8,5,16,2026-07-29 09:20:56,2026-07-29 09:21:59,63.28197193145752
10,0.8,5,16,2026-07-29 09:22:04,2026-07-29 09:23:08,63.83679008483887
10,0.8,5,16,2026-07-29 09:23:14,2026-07-29 09:24:18,63.73890805244446
10,0.8,5,16,2026-07-29 09:24:23,2026-07-29 09:25:26,63.374890089035034
