"H","C","epoch","t","velocity","dist_to_limit"
0.99463502833947,0.00961357413710832,1,1,NA,0.45286931231599
0.589732338472916,0.310099506878783,6,6,0.504220174166807,0.0537549346664492
0.586334611472842,0.31236323588887,7,7,0.00408277084810556,0.0577348246099709
0.577869393196048,0.311187166640383,9,9,0.00854652323175948,0.0653314748758568
0.57990585749004,0.309368981367897,10,10,0.00273001547720689,0.0628507078022271
0.59206628694916,0.308333056350824,11,11,0.0122044739858476,0.0509600356802743
0.589380294499525,0.302360091431851,12,12,0.00654911179953266,0.0519263252099342
0.587439655395726,0.305001948049005,13,13,0.00327803089015255,0.05442245654638
0.589589879201387,0.295962979785551,14,14,0.00929120065880401,0.0507579119951363
0.598866613540283,0.293693017763947,15,15,0.00955042028258328,0.0413408297620686
0.60219286003376,0.2889837409235,18,18,0.00576551854522548,0.038032999910413
0.608530615564391,0.291024826339674,21,21,0.00665831621674444,0.0316183743218222
0.604328499953797,0.291091740688565,22,22,0.00420264834775472,0.0358194439891242
0.617400926949688,0.288225714472381,26,26,0.0133829164921086,0.0229718161434758
0.625358267880212,0.282794306980517,28,28,0.00963428575594835,0.0171317720631608
0.620431304069885,0.287972837188372,30,30,0.00714787713254353,0.0200181281676656
0.620517130507324,0.284575079136891,34,34,0.00339884185477458,0.0207961693680837
0.634261732902857,0.283856839573442,44,44,0.0137633558074256,0.00960153959975235
0.639400967115514,0.282060126232494,45,45,0.00544425450563106,0.00941325250856907
0.629002318728672,0.283993241384991,47,47,0.0105768058725678,0.0134051366024382
0.624951701260072,0.290021808189893,49,49,0.00726299659906935,0.015260909267557
0.634986245967387,0.283711070909144,52,52,0.0118540074451527,0.00929628182482956
0.640267235032486,0.278905980066017,80,80,0.0071398699929619,0.01253843582871
0.646456680052883,0.273967454598875,83,83,0.00791822350342099,0.0185807898083515
0.643161563704903,0.27005223704486,95,95,0.00511729618470467,0.0216030707209432
0.64320858154844,0.270288638556083,96,96,0.000241031848765657,0.0213756941592907
0.64690886033311,0.277662992345931,117,117,0.00825064584757612,0.0153507305951499
0.651706364401577,0.27029262902234,119,119,0.00879421973848122,0.0241041587767592
0.656113699052719,0.277621073523192,127,127,0.00855164881933443,0.0211194044395912
0.654184456634885,0.27802165550503,128,128,0.00197039139029361,0.0194223348027127
0.659357118233707,0.276806096555607,130,130,0.00531356862903362,0.0241520632001152
0.678225361671151,0.265949629755693,157,157,0.0217686352762934,0.0458254936598028
0.675053101874772,0.266354259856208,160,160,0.00319796149663586,0.0429881086091116
0.676110681533953,0.263942564098534,165,165,0.00263339157040805,0.0452743049849249
0.673932069169427,0.262992736525934,171,171,0.00237666241871594,0.0441695468747944
0.6703905416755,0.265819109586129,178,178,0.00453109276727333,0.039640204089678
0.67506093351507,0.268980374396638,186,186,0.00563969459610044,0.041516798980106
0.674447279166788,0.26658770557312,188,188,0.00247010845069614,0.0423602422355888
0.676236961544428,0.268651371755034,197,197,0.00273160779088262,0.042685340982284
0.684348141582675,0.270104492586607,213,213,0.00824031563497463,0.0490833765201279
0.683542369184962,0.270988899200309,224,224,0.0011964297786648,0.0479753124228985
0.687343736922312,0.265040291972404,231,231,0.00705948472811218,0.0540809868584595
0.679625336897245,0.263625791979109,235,235,0.00784694266437478,0.0482953882874175
0.678813707351726,0.263958360131719,236,236,0.000877122622721535,0.0474407655885647
0.679033274454882,0.271524097647412,254,254,0.00756892290019869,0.0436920968145087
0.686598151365614,0.266035383624536,257,257,0.00934630110254536,0.0529468769331257
0.683145096779567,0.269353856812226,265,265,0.00478913878183097,0.0483411932463307
0.673273161152489,0.268021614867121,270,270,0.00996142467850202,0.0405708628448898
0.662524137244263,0.274334119900312,279,279,0.0124655218412097,0.0281693754980528
0.664176361207748,0.276867628297806,281,281,0.00302465019889688,0.0281054035907592
0.669591719466965,0.272454780486325,303,303,0.00698565178655239,0.0350374356356972
0.6626988393147,0.275236969663216,316,316,0.00743319402474463,0.0277719879552087
0.667015066364432,0.271909296250084,324,324,0.0054500666316389,0.0332194722657434
0.667594118868876,0.274335793861728,329,329,0.00249463273092796,0.0323430436938233
0.66147646133434,0.275318627931156,344,344,0.00619610333337761,0.0267395152511283
0.666895744695953,0.269749586346371,352,352,0.00777064066383981,0.0344409307267632
0.6580009864882,0.282537806465127,371,371,0.0155773970027134,0.0199526992734582
0.65317522280516,0.280060379896013,378,378,0.00542454030585999,0.0173013890446485
0.658578533899981,0.274089207701998,382,382,0.0080529912553034,0.02531666281369
0.656841039017453,0.280032796956997,383,383,0.00619234541179271,0.0202219909460843
0.655562591650526,0.2741618155773,391,391,0.00600856472302259,0.0231588601351414
0.655409798116463,0.274222632873166,392,392,0.000164452447619048,0.0230118819429819
0.659046699737236,0.275132259140877,400,400,0.00374892962671886,0.0249658924480043
0.656316012325164,0.278431229378151,410,410,0.00428250608509407,0.0207554864660211
0.652378181574307,0.276878598721012,414,414,0.0042328681741678,0.0190201750741593
0.648341596925473,0.283903850049629,423,423,0.00810235594487414,0.0111362307653912
0.643572699966523,0.287452902673274,429,429,0.00594459020711135,0.00526006895592254
0.64150988469128,0.28932081492257,439,439,0.00278285878744248,0.00252325188139419
0.646868753286032,0.279471620068025,449,449,0.0112126763931996,0.0137304914835842
0.642172662767294,0.282348047561443,450,450,0.00550700474714446,0.0093187868465703
0.633461716958659,0.281901768976075,454,454,0.00872237017425499,0.0116504702353648
0.643919444008703,0.282584081661258,465,465,0.0104799621017246,0.00962976852924514
0.645682817905497,0.282756374579128,467,467,0.00177177096416054,0.0103017426893035
0.64604287130511,0.28103209283557,469,469,0.00176147267413952,0.0119655707261084
0.638591082652986,0.282167775572478,470,470,0.00753783320290611,0.00940551175780888
0.638407953234113,0.283213826475965,473,473,0.00106195992238063,0.00841157159183568
0.634902051148067,0.287633999038502,477,477,0.00564174396082871,0.00648197994817087
0.636275313617475,0.28550089584457,479,479,0.00253692314543575,0.00709241521304319
0.630766488243801,0.289869254413805,483,483,0.00703062682746309,0.00951096939465678
0.646475236391951,0.283227629316985,497,497,0.0170550858194474,0.0103712349893117
0.641681151962715,0.285609764989846,499,499,0.00535329953192985,0.00603260906527992
0.648270414980518,0.280900241972411,503,503,0.00809925886544787,0.0133105198126139
0.641360087618344,0.278925654142078,506,506,0.00718690624344787,0.0125768940161023
0.651044298993847,0.28053464722754,509,509,0.00981696535159856,0.0154200706011096
0.643832472611884,0.278609295177125,510,510,0.00746441024338922,0.0133534204498474
0.64803427117404,0.282961981895672,515,515,0.00604987543894512,0.011582885351206
0.638957641241866,0.289823627620216,517,517,0.011378373916109,0.00200941920706387
0.645366809487243,0.285313716610576,523,523,0.00783688298447928,0.00805189019093822
0.645710750134556,0.284709031514853,533,533,0.000695657411276276,0.00873622366135503
0.640480980999532,0.287707092764137,534,534,0.00602817190034494,0.00375170469906164
0.640566465333732,0.282312686156697,536,536,0.00539508389348909,0.00914081139303208
0.63977828606775,0.284763660500455,538,538,0.00257458769302652,0.00669029592155366
0.641236744048559,0.28270063549551,544,544,0.0025264939843217,0.00881094428039945
0.641041707402329,0.282404213892861,545,545,0.000354831030054634,0.00908386491787746
0.642503001416568,0.284257461203661,548,548,0.00236006478534767,0.00756296055176593
0.65393653010609,0.278797716415019,553,553,0.0126702167089291,0.018710881025101
0.651296267376559,0.278365992523817,560,560,0.00267532667148987,0.0171858541716878
0.649307539424276,0.277475343067989,564,564,0.0021790583565748,0.0167047469897867
0.649613701285415,0.282137156757871,567,567,0.00467185637240565,0.0132758249057061
0.655482291193142,0.280750807429533,573,573,0.00603011707724315,0.0186958832788566
0.663458729354207,0.27084157332218,578,578,0.0127207109208417,0.0311115164159436
0.658076203058608,0.276154115994011,584,584,0.00756271769688912,0.0235639542084376
0.65907986951607,0.277987097955938,587,587,0.00208977731602771,0.0232285819376975
0.662845637828673,0.27697469559892,591,591,0.00389948323713546,0.0269187624289076
0.666640460638973,0.271324779958437,592,592,0.00680604341053945,0.0332674222425901
0.659700106773029,0.275119465542375,602,602,0.00791000318997847,0.0254723316370958
0.650729798833291,0.282507741918572,604,604,0.0116212328237928,0.0138515696801856
0.646873777343204,0.283548947244603,611,611,0.00399412196395757,0.0103725271091712
0.649353555044275,0.283890821551544,613,613,0.00250323300722803,0.0119089505674525
0.648962685167079,0.280740512918195,616,616,0.00317446432429982,0.0138669105919387
0.652030801492253,0.283182896955003,617,617,0.00392155295362101,0.014473647712348
0.655779854556466,0.274559091651018,622,622,0.00940347897319522,0.0230109796693102
0.658108878412882,0.277697277571836,625,625,0.00390801266596912,0.0226191309907205
0.661077787280968,0.274863934018469,629,629,0.00410393171951069,0.0267025054021616
0.659339800071814,0.273349325466891,630,630,0.00230534999592165,0.0263781145681418
0.663956035627685,0.274606346835883,631,631,0.00478432162687564,0.029161764922168
0.664838700440599,0.269413070290596,636,636,0.00526775269425056,0.0330918927850319
0.659079062566359,0.275987307336116,646,646,0.00874036733627755,0.0244408863451304
0.659130401078211,0.278101634797275,656,656,0.00211495065091608,0.0232037411167944
0.664035666740413,0.274620071660026,664,664,0.00601522344517889,0.0292189131400992
0.666863973399972,0.272856988150583,666,666,0.00333283393252285,0.032547034504896
0.662910774866395,0.280306584521559,667,667,0.00843352030508813,0.0253429188218709
0.668648933939888,0.273636724560859,671,671,0.00879849427163864,0.0336080071561334
0.667457243085828,0.271009508123536,674,674,0.00288485585431758,0.0341094404156276
0.663338218856865,0.275028160852764,675,675,0.00575464424242854,0.0284137883558733
0.661508125764088,0.274820597537816,676,676,0.00184182606614795,0.0270677523323378
0.664052345792127,0.272468460837473,677,677,0.00346491018760592,0.030521596750039
0.669413458536665,0.275623121956934,685,685,0.00622040325367147,0.0332696031875684
0.665571008879096,0.277109528510689,691,691,0.00411993007392087,0.0291871971010086
0.667334815884889,0.276952984955369,695,695,0.00177074025153223,0.0308091665886299
0.669698864338793,0.274339334469648,699,699,0.00352418699190549,0.0341456147244742
0.664405215451882,0.27590602713319,700,700,0.00552061993257009,0.0288083764424805
0.669291424446722,0.271838866335511,702,702,0.00635742363661818,0.035125460800878
0.668054343338538,0.273929194146929,707,707,0.00242895863023915,0.0329488428844428
0.659023311339372,0.279223012758732,709,709,0.0104682402754538,0.022487624235397
0.658761748382939,0.275730427557367,710,710,0.00350236585310158,0.0243608131003722
0.664972639617598,0.273908860931566,713,713,0.00647250144078748,0.0303945166270724
0.656851666000514,0.278309425721541,714,714,0.00923662183702144,0.021250523968966
0.662512135716708,0.273782638174289,720,720,0.007247946116377,0.0284982848689898
0.669350148679229,0.26979605038147,724,724,0.00791525763986617,0.0363523902226462
0.668272349761793,0.272579412954068,727,727,0.00298475421382833,0.0338665889001714
0.666692587100878,0.26852855747011,728,728,0.00434799726503293,0.0350687860259863
0.666725884015782,0.275413563824907,729,729,0.00688508686874299,0.0310394648804409
0.665701730240059,0.271793344876227,738,738,0.0037622966646331,0.0322370295818317
0.667489943794323,0.269144452289747,742,742,0.00319598805541614,0.0352837344590105
0.661018432711709,0.273615820684788,747,747,0.00786597679990017,0.0274497271127983
0.655447300416949,0.277330217568722,753,753,0.0066958389509528,0.02081627656609
0.649079749193088,0.278658524680338,765,765,0.00650462207751254,0.0155971837161945
0.647857228282791,0.274964754400054,766,766,0.00389082205447932,0.0181939479704564
0.651380609015603,0.278328359457179,772,772,0.00487114470824543,0.0172692576393683
0.65329761521574,0.276315749043536,775,775,0.00277948078756949,0.0200454048936161
0.649646650858117,0.27583598621685,780,780,0.00368235157345186,0.0182719226060032
0.652307422044443,0.275957657484171,789,789,0.00266355161453167,0.0196905203202094
0.639827937023233,0.27850238682527,798,798,0.0127362943517357,0.0129453581888349
0.63475721014675,0.281048775434634,800,800,0.00567418417094353,0.0117089091693814
0.633116656792042,0.280634034311049,804,804,0.00169216592248997,0.0128944324827282
0.636068471760815,0.285821818661134,805,805,0.00596877860812909,0.00694514285428485
0.637775338330157,0.280880484232379,806,806,0.00522782740938686,0.0108261424903567
0.630946147165669,0.28147775836935,812,812,0.00685525990432276,0.0135633270133503
0.636441110354667,0.281202351623617,813,813,0.0055018605329505,0.0108910837690308
0.62270214630611,0.285902691774749,816,816,0.0145207551685126,0.0183029973318424
0.623454465381914,0.283114029578868,820,820,0.00288835954038867,0.0186547596824327
0.625851930856901,0.285717455498674,824,824,0.00353916193804025,0.015398633072006
0.630975069632439,0.285271731826763,825,825,0.00514249166310673,0.0110546233404832
0.633501446790295,0.281226867695258,826,826,0.00476901534764486,0.0121876691760393
0.627136395847658,0.288817291203095,829,829,0.00990597812084643,0.0132723046036112
0.62791245072457,0.281682603206552,832,832,0.00717677044219712,0.0156507678541742
0.643264502312928,0.279606277154716,839,839,0.0154918242258663,0.0122413817081935
0.634593248414971,0.281013975988832,842,842,0.0087847743380468,0.0118159770402861
0.63606257008649,0.283444370355268,847,847,0.00284002164618499,0.00898151027991563
0.628789027323027,0.285399011679975,848,848,0.00753160321845076,0.0128656724333317
0.630768593436027,0.287176696415334,849,849,0.00266060989513049,0.0103028249332644
0.631412299517301,0.285623040159697,851,851,0.00168172687430191,0.0104958500412744
0.628173467254385,0.284691056224247,852,852,0.0033702564417626,0.013745785886098
0.625708242236677,0.285555698814581,855,855,0.00261245884119793,0.0155924700707741
0.628172455726577,0.287635929703684,857,857,0.00322485793110077,0.0125646723958414
0.629953598974673,0.285796968197378,862,862,0.00256012708510988,0.0116523155870991
0.632230516474072,0.282550832393744,866,866,0.00396506632412424,0.0119056162135719
0.636860813728652,0.281224839069594,874,874,0.00481642097012514,0.0107341354692577
0.634384409437115,0.279118401173887,876,876,0.00325110117092859,0.0136056835991194
0.642932677883584,0.27900715209331,880,880,0.00854899232604789,0.0127450141980138
0.646336704361545,0.28127683318092,881,881,0.00409131378680665,0.0119033625213704
0.647737143470929,0.281452113144179,882,882,0.00141136556731855,0.0125481736105826
0.642197060890387,0.286922304991625,883,883,0.00778559656333992,0.00496489478123711
0.633767907201764,0.289717226032268,892,892,0.00888044005271445,0.00660787091788661
0.63023923854434,0.288436767218748,894,894,0.00375380836844495,0.010353288810136
0.632146819929478,0.285821867023369,897,897,0.00323675296751512,0.00977736083162769
0.638006330968418,0.285513480893229,901,901,0.00586762060981472,0.00630461412062643
0.632917883831403,0.281947582551938,903,903,0.00621352760085744,0.0119342992786223
0.633172072145032,0.280738383441859,904,904,0.00123562704187045,0.0127767473160267
0.632307604852054,0.283383388736437,908,908,0.00278268875531823,0.0112434215191749
0.627179131620625,0.282542830109323,910,910,0.00519690066203877,0.0157280972325568
0.621519700081519,0.285610527846609,914,914,0.00643738570797005,0.0195185664254734
0.626540385650283,0.282000629239596,918,918,0.00618374090121097,0.0165617820605775
0.624441787848373,0.287415018395346,921,921,0.0058068685764433,0.0162129676771199
0.620437110724195,0.288720864026343,925,925,0.00421220508533336,0.0198963133164894
0.631666603803567,0.286077499794025,943,943,0.0115364157901993,0.0100350036929832
0.626430456068129,0.290482279571351,948,948,0.00684246505245531,0.0137494211907203
0.627674939277249,0.28994006532847,950,950,0.0013574736619783,0.0125616078977284
0.626192063358368,0.291506314608805,952,952,0.00215686295321406,0.01395428997309
0.620094784761,0.295935793382324,953,953,0.00753638431205423,0.0205484186922711
0.623671886608547,0.292694516169212,954,954,0.0048271664151926,0.0165217328369396
0.622589070444829,0.294751806896467,955,955,0.00232485181911846,0.0178660563436663
0.619890323973888,0.296237155728393,957,957,0.00308050217771722,0.0208153071597936
0.618828981274135,0.296824858568532,959,959,0.00121319534891396,0.0219859008475657
0.612045972885973,0.295841126099675,961,961,0.00685397201366916,0.0284422171466227
0.597491156699646,0.301546980318698,972,972,0.0156332800968481,0.0438352309805086
0.605883405288072,0.29704796964885,973,973,0.00952212861587915,0.0347180987858598
0.603411564318429,0.296390382304331,975,975,0.00255781525816024,0.0370661949469228
0.603735159309682,0.296013580987078,977,977,0.000496681941535687,0.0366966956332587
0.600499199094005,0.298348591352826,982,982,0.00399045259658544,0.040243775305034
0.616472842300737,0.289854568097301,987,987,0.0180915922008367,0.0237266571685815
0.613699172731329,0.294119334043387,988,988,0.0050873835569136,0.0265820291635893
0.613420794407491,0.294587307986202,990,990,0.00054451272008709,0.0269096537496257
0.60859041458535,0.2950426446433,996,996,0.00485179355470158,0.0317603509923603
0.608292460061833,0.295774498465464,998,998,0.000790181570969804,0.0321467926537987
0.60654078513902,0.295770832865735,1002,1002,0.00175167875817269,0.0338828533244192
0.598954264491038,0.300296962119561,1006,1006,0.00883408974171063,0.0421325832857915
0.612155570938483,0.295223592178907,1011,1011,0.0141426155457216,0.0282446925291695
0.612195359101494,0.29321359159876,1014,1014,0.00201039434691482,0.0280068260966449
0.598881916467878,0.297870571360529,1025,1025,0.0141044395585259,0.0417617670337787
0.594804804778956,0.299194749576998,1031,1031,0.00428675724445825,0.0459991311384967
0.595151614696959,0.29822458062656,1032,1032,0.00103029360457065,0.0455026644328897
0.587550163858048,0.301042173698145,1036,1036,0.00810684189887924,0.0534646855268855
0.594064114538312,0.296334289216791,1045,1045,0.00803714686656185,0.0463408719473046
0.588916371655468,0.300638843637398,1054,1054,0.00671032380350149,0.0520484863530463
0.589825795912918,0.29839736389227,1058,1058,0.00241894272934635,0.0507985829375703
0.593375304802061,0.298579199056916,1064,1064,0.00355416338696008,0.0473120635831136
0.590416232120147,0.299062157985576,1067,1067,0.00299822621955416,0.0503101375043872
0.590079746465481,0.295791391368319,1073,1073,0.00328802932778266,0.0502548742856124
0.591022951284002,0.295450236293205,1074,1074,0.00100300653784369,0.0492863689246584
0.597419736237902,0.294964250465947,1079,1079,0.00641521940160567,0.0428712631217536
0.585520564370652,0.301787252686669,1080,1080,0.0137165465927226,0.0555962938649733
0.582357072501025,0.303679178166227,1084,1084,0.00368606332411657,0.0590701998532832
0.587122669009967,0.298951043692893,1087,1087,0.00671313381990634,0.0535523528345408
0.588160939548644,0.297919128501107,1089,1089,0.00146384926632605,0.0523870038155176
0.582348884487347,0.302217187587086,1090,1090,0.00722864412888852,0.0587928263362016
0.591281381333906,0.297319559079081,1093,1093,0.0101870636061727,0.0492168262657871
0.592532850264052,0.295168350204575,1095,1095,0.00248874950625293,0.0477588147910736
0.581990870744088,0.302037864248203,1096,1096,0.0125826688502457,0.0591124133091048
0.590609727035634,0.297003413234509,1103,1103,0.00998150193025112,0.0498474917212389
0.579828816191147,0.303136670488975,1104,1104,0.0124034222368763,0.0614403034421472
0.591553683806825,0.29546247741829,1105,1105,0.0140130567647222,0.0487584192598681
0.585472829658056,0.297598026574725,1106,1106,0.00644494820601001,0.0550186605376926
0.596704761648638,0.298032109661077,1107,1107,0.0112403169157686,0.0439381968077515
0.591141360679646,0.297209650145132,1116,1116,0.00562386610768336,0.0493428845439899
0.5913531148446,0.296320192696575,1120,1120,0.000914316345237746,0.0490361638594571
0.591726708246665,0.296144159927119,1123,1123,0.00041298857852106,0.0486471126336994
0.588319956092839,0.298787418469016,1126,1126,0.00431193413179155,0.0523439510886469
0.591671437217279,0.29675943168127,1127,1127,0.00391728938664859,0.0487653517554447
0.59331589449905,0.293755845135678,1138,1138,0.00342429144326691,0.0468873562682821
0.587418526683215,0.296529482402916,1140,1140,0.0065170553814938,0.0529723776387059
0.595117752212629,0.294306409121712,1141,1141,0.00801374622547921,0.0451193602508185
0.593303223920239,0.296699853807146,1142,1142,0.00300351300748233,0.0471369434135967
0.594844459409104,0.295811090911269,1146,1146,0.00177913077575104,0.0455117772708679
0.595416648209639,0.294240276075987,1148,1148,0.00167178326053339,0.0448168953220084
0.589909751071208,0.295302600291304,1150,1150,0.00560842659145222,0.0503844444802222
0.601512935027766,0.293013294484977,1154,1154,0.011826867675112,0.0386651446920822
0.606271341245222,0.293034235490933,1155,1155,0.00475845229628855,0.0339121858652
0.602581059882626,0.29689490251365,1156,1156,0.00534068594802372,0.0379585949892214
0.60750222404104,0.29229030478186,1157,1157,0.00673944930581606,0.0326549622640796
0.601551654388717,0.292655706508401,1159,1159,0.00596177805766925,0.038613580884899
0.59892147190661,0.296881906882004,1160,1160,0.0049778137256254,0.0415818707485459
0.600479402818135,0.294701827929186,1165,1165,0.00267953222887975,0.039800381953709
0.597434313181141,0.297397329314453,1166,1166,0.00406673070356334,0.0431248252890458
0.5999564898573,0.294639368061414,1169,1169,0.00373734203131379,0.0403165640107117
0.59511110430688,0.299964539138692,1172,1172,0.00719966722387202,0.0458340867464643
0.605555990179628,0.296407926157348,1175,1175,0.0110338178702476,0.0349446101401651
0.60387593333151,0.297393751302079,1178,1178,0.0019479328091318,0.0367550644270692
0.598630826595615,0.299736426694865,1180,1180,0.00574449933996835,0.0423354989887571
0.61088733240007,0.292006865845251,1186,1186,0.0144902741679557,0.0292642978239284
0.606613624863913,0.295318562422751,1189,1189,0.00540665426359317,0.033755711130503
0.60801891626714,0.294915755509072,1190,1190,0.0014618814376314,0.0323143540521221
0.607514189438205,0.296405340495582,1193,1193,0.0015727722670122,0.0330070531680679
0.609646477224393,0.295477896368297,1197,1197,0.00232525349421562,0.0307653634149834
0.609808498166053,0.295312401515285,1199,1199,0.000231601666466058,0.0305833745617931
0.601758931580677,0.299955650065945,1200,1200,0.00929275412972971,0.0393196446882837
0.611967290762127,0.296438613259301,1202,1202,0.0107972285831496,0.0286181677425735
0.606278655644136,0.297350370361186,1206,1206,0.00576123862710774,0.034378753157037
0.610411819472888,0.294136390803292,1207,1207,0.00523571464404477,0.0298560556427495
0.612122107250266,0.294167737380818,1210,1210,0.00171057501717139,0.0281561749764344
0.6138071667975,0.296903680182991,1211,1211,0.00321322403428195,0.0268989836647813
0.607347986106939,0.29835766884943,1214,1214,0.00662080797451866,0.0335190223407271
0.612224156451403,0.296295284668255,1215,1215,0.00529438058123817,0.0283403927503613
0.607510160993037,0.298452807676276,1218,1218,0.0051842703162196,0.0333801986496504
0.617844763337759,0.295883734141275,1222,1222,0.0106491382023042,0.0227391162823291
0.623680406129848,0.290898416836285,1225,1225,0.00767516224117078,0.0164748380250766
0.613921104454568,0.293216893606136,1226,1226,0.0100309173918172,0.0262849783996347
0.613081437416241,0.297642744464819,1230,1230,0.00450479706075176,0.0277656013657346
0.61149078655911,0.295450344663242,1232,1232,0.00270865040919758,0.0289341603461531
0.611833234535244,0.29579346295105,1234,1234,0.000484768785903684,0.0286451403466337
0.61167453784506,0.30003195575855,1236,1236,0.0042414627098095,0.0297387320499923
0.600063226058028,0.30167434366362,1238,1238,0.0117268921478109,0.0413679737241103
0.607075413276623,0.300354002667108,1240,1240,0.00713540958429838,0.0342500944226044
0.609606551837816,0.299859310797245,1241,1241,0.00257902742561355,0.0316779294963708
0.616936635350286,0.296549352544617,1243,1243,0.00804275748322207,0.0237644873073459
0.609542947615776,0.29907722631859,1244,1244,0.00781388278211185,0.0315409034537162
0.615657487447685,0.299925366692746,1247,1247,0.0061730818438018,0.0259159050485274
0.612951994177312,0.300169530707521,1248,1248,0.00271648852420627,0.0285598211190036
0.619176123917129,0.29494426242092,1252,1252,0.00812669795704452,0.0212602368052423
0.619834193101666,0.296053623782001,1253,1253,0.00128985955867172,0.0208285465686738
0.61704563034382,0.293265882858984,1254,1254,0.00394304218951682,0.0231723285285106
0.621352695077255,0.290442405792604,1257,1257,0.00515003197683017,0.0188201803027641
0.61732544188066,0.29155882755262,1258,1258,0.00417913458215001,0.0228210612958589
0.629711508091803,0.288642034364232,1262,1262,0.0127248700854133,0.0108043113974175
0.632803567090437,0.289477417350846,1265,1265,0.00320291954088099,0.00760139732808055
0.629561541124094,0.290087830863706,1269,1269,0.00329899030358137,0.0106711773807567
0.623604421062489,0.293406210739917,1270,1270,0.0068190119835075,0.0166577857507897
0.615122716998347,0.294854299569945,1278,1278,0.0086044328744744,0.0252548344774222
0.612133124969153,0.295673149820148,1279,1279,0.00309970583011967,0.0283305534090602
0.615202163515694,0.292048833703278,1280,1280,0.00474917518261417,0.0249513858130713
0.622209918035574,0.28861172890563,1281,1281,0.00780527467812077,0.0181585103978192
0.622158528772925,0.291112633506323,1283,1283,0.00250143252519089,0.0179907335059085
0.614006891398746,0.293274105939756,1286,1286,0.00843333593310517,0.0262033215490443
0.62263372846036,0.291075766043631,1293,1293,0.00890252862879601,0.0175163524357126
0.619281335201767,0.291603707616342,1294,1294,0.00339370930759496,0.0208654907501702
0.624117764592772,0.288873359732448,1295,1295,0.00555390392618219,0.0162332528873529
0.621766013584268,0.288458913270171,1299,1299,0.00238799051005102,0.0186209958274318
0.620837577906257,0.283971603956193,1302,1302,0.00458235067269162,0.0207040478075764
0.620580509021034,0.282950750278045,1304,1304,0.00105272344133588,0.0213295387596825
0.622091303360226,0.286569657911853,1306,1306,0.00392160579321385,0.018701265984526
0.623042777829274,0.284926397757079,1308,1308,0.00189884375384549,0.0183031269630557
0.624006770185831,0.284136567710349,1311,1311,0.00124623944979197,0.017716594974841
0.61288353333792,0.292106224983426,1314,1314,0.0136836338384594,0.0272707259006271
0.614188834327944,0.291933484414962,1318,1318,0.00131668142637122,0.0259619970365196
0.612289559374273,0.293250504692659,1320,1320,0.00231123078932142,0.0279151794313818
0.613091904120288,0.28977150256146,1324,1324,0.00357032392372809,0.0271059465440329
0.622452896259156,0.286672576440887,1325,1325,0.00986060428800983,0.0183253472245415
0.607922391197149,0.294330316539202,1333,1333,0.0164248762786924,0.0323528439870854
0.605659656770638,0.297269087872128,1336,1336,0.00370895457402022,0.0349750796857342
0.611355268705079,0.293965270831538,1338,1338,0.00658446674723463,0.0289011445013906
0.606194142811451,0.293589364102841,1339,1339,0.00517479722873819,0.0340197943679988
0.612083740313837,0.291867836498713,1341,1341,0.00613604237533335,0.028065676154815
0.605064849519255,0.298648629821884,1342,1342,0.00975930254054199,0.0358135618000983
0.5968052869993,0.299007186113944,1346,1346,0.00826734150955557,0.0439959115482581
0.603722122077272,0.29817704724974,1348,1348,0.00696647242366797,0.0370412016767569
0.610094594865402,0.294143994579933,1350,1350,0.00754148017784926,0.0301726806558084
0.605180665124295,0.294037401266224,1352,1352,0.00491508572001168,0.0350616053766126
0.607874889929615,0.293717213015708,1354,1354,0.00271318407362458,0.0323512995606444
0.613545821972794,0.293399343062955,1356,1356,0.00567983376035044,0.0266721737116138
0.618442796455671,0.287130616657055,1358,1358,0.00795470237268352,0.0221278587755615
0.622088661158165,0.290175263757897,1361,1361,0.00474996898911526,0.0181020567734764
0.616291170668253,0.293917679472162,1362,1362,0.00690047616900439,0.0239829728745532
0.622778629469451,0.285273076693038,1375,1375,0.0108081579793265,0.0184312558437414
0.613324757079991,0.29073119699844,1376,1376,0.0109163538063053,0.026830921895769
0.613213340342111,0.290587599172969,1379,1379,0.000181752647738185,0.0269464800627403
0.610718428651782,0.291182171815493,1380,1380,0.00256478088143563,0.0294289480549116
0.611871437109924,0.291899386375765,1385,1385,0.00135787526305364,0.0282784459716618
0.615135178712514,0.291275860136378,1387,1387,0.00332276905903509,0.0250115987639001
0.611174484930992,0.293093725543872,1388,1388,0.00435795019140306,0.0290186698900286
0.60857809899831,0.296700528990257,1390,1390,0.00444412544965647,0.0320027922935267
0.611692275178258,0.292105002227874,1393,1393,0.00555130250513644,0.0284616188754571
0.617921538824899,0.289914165370404,1395,1395,0.00660329400491999,0.0222772538995574
0.611425074266788,0.296047582837108,1396,1396,0.00893436408345113,0.0290877699192125
0.61977912026608,0.29141600627111,1399,1399,0.00955204617058499,0.0203671121835242
0.61232721642457,0.293709112723365,1402,1402,0.00779674342687281,0.0279110747300786
0.610638253750565,0.295657993997145,1404,1404,0.00257890153621119,0.0298073623109528
0.613091529651003,0.291941981312847,1405,1405,0.00445278709501514,0.0270592695381358
0.611025619324287,0.293154582401915,1407,1407,0.00239549303468841,0.0291708016566556
0.61408557626012,0.29099608562619,1409,1409,0.00374465549549853,0.0260644832479814
0.610513597558024,0.294368217531238,1412,1412,0.00491226072529435,0.0297765672277001
0.609775803211943,0.294818067231916,1414,1414,0.000864121085444169,0.0305572787090098
0.61449212847417,0.293155238100259,1416,1416,0.00500087239391364,0.0257111062959748
0.621248734862266,0.290752379645419,1417,1417,0.0071711546237447,0.0189101243462456
0.622688625934758,0.287346996070942,1419,1419,0.00369728597622097,0.0179318550292931
0.615791618989145,0.296012978780779,1430,1430,0.0110755569221158,0.02477949504806
0.61144657131945,0.294269909512017,1432,1432,0.00468163750493612,0.0288384495601933
0.621560170594705,0.289750844167702,1442,1442,0.0110773120334595,0.018662990005291
0.618925453489248,0.294462253933866,1444,1444,0.0053980659694462,0.0214343538502912
0.627329441753014,0.287519567625046,1445,1445,0.0109008216167495,0.0134040846782201
0.619220676399004,0.29239409796666,1446,1446,0.00946113743784053,0.0209471025745823
0.62075346110037,0.290566096734682,1448,1448,0.00238558534637827,0.0194126057569806
0.617998078499562,0.294211763712345,1454,1454,0.004569794414288,0.0223204240179866
0.619486711397035,0.294048295952475,1464,1464,0.00149758125387435,0.0208230223099249
0.625713061982199,0.29026917261519,1467,1467,0.00728348919184919,0.0144808730857773
0.624912408937417,0.28782885649626,1471,1471,0.00256830451045592,0.0156568466279589
0.62293311839069,0.287372557267985,1473,1473,0.0020312065513106,0.0176880162196541
0.618324927500943,0.291173457057533,1474,1474,0.00597346319035557,0.0218229609044182
0.620210606681438,0.288055509397602,1477,1477,0.00364381442746766,0.0202215020659232
0.616202443975738,0.292508446348821,1479,1479,0.00599116147060787,0.0239674258177458
0.619931684067469,0.289324467958318,1484,1484,0.00490356503504992,0.0203253265913223
0.618912836928883,0.291520642202824,1486,1486,0.00242099789426515,0.0212335154409114
0.619789713011727,0.290930924431547,1487,1487,0.00105673019944723,0.0203629610755182
0.619852693843243,0.289974047063033,1488,1488,0.000958947800202265,0.0203466755259548
0.617669963918391,0.29183039329304,1494,1494,0.00286536755940766,0.022479573448169
0.622793860181551,0.292299861579259,1495,1495,0.00514535843138168,0.0173734553445419
0.620232612438868,0.293860695228377,1496,1496,0.0029993652127772,0.0200597291508667
0.61593899353025,0.29460885975401,1498,1498,0.00435831544175704,0.0244132524999427
0.620831748801151,0.291233659527103,1499,1499,0.00594399114338532,0.0193156081125292
0.62052755562595,0.288202124776468,1504,1504,0.00304675834817048,0.0198846774957322
0.618008934489598,0.291994814303424,1506,1506,0.00455279543537378,0.0221441346885028
0.614036813561691,0.293437951753501,1508,1508,0.00422615550657232,0.0261854401602239
0.620641106591816,0.289418383461994,1509,1509,0.00773133983717222,0.0196099881264253
0.621516729447879,0.289697049919149,1514,1514,0.000918896283811777,0.0187111977415259
0.616079982941633,0.29257318260661,1520,1520,0.00615063832533331,0.0240927143276891
0.614930996625875,0.292386586688353,1523,1523,0.00116403934233741,0.0252328346764388
0.613004102004159,0.29426930474498,1524,1524,0.00269398406898546,0.0272887799380292
0.6120726055577,0.294342315401005,1525,1525,0.000934353351606802,0.028222839450731
0.617854528058022,0.29456149551252,1530,1530,0.00578607532970432,0.022508644208524
0.626291845155412,0.286888429686739,1531,1531,0.01140457184504,0.0145840738234427
0.617664777074229,0.29036624266122,1532,1532,0.00930169268266999,0.0225072472676762
0.614432974015621,0.293728072502622,1536,1536,0.00466330900672135,0.0258145005230672
0.618175982533902,0.290286031121788,1537,1537,0.00508505276622552,0.0220007170025959
0.621116145550083,0.290003407273511,1539,1539,0.00295371542321415,0.019084504365225
0.610553892125143,0.29551870651203,1540,1540,0.0119155244577427,0.0298715597953615
0.612551641138091,0.298433781468013,1545,1545,0.00353393026497896,0.0284661169920136
0.609162792884757,0.298239584610902,1546,1546,0.00339440788701601,0.0317199401845338
0.62231584632255,0.289436269834602,1551,1551,0.0158272286199466,0.0179430291971549
0.621379670354956,0.292072675992373,1553,1553,0.00279768884457035,0.0187770760348661
0.616157736645682,0.29636673983854,1565,1565,0.0067607378280045,0.0244884062830858
0.614234794714776,0.296941221927575,1566,1566,0.00200692185703833,0.0264881656284841
0.613316329618952,0.295702638518658,1568,1568,0.00154196854478017,0.0271657891544515
0.625237738606881,0.292652955689022,1585,1585,0.0123053060757891,0.0149574263300624
0.622989974174835,0.292472355214686,1587,1587,0.00225500808719203,0.0171870418090936
0.619160884334406,0.295863452833005,1594,1594,0.00511482864454382,0.0214456775966614
0.617188398957605,0.297262983261571,1596,1596,0.0024185499751247,0.0236838292787418
0.62167741494506,0.293245030177898,1597,1597,0.00602455073164997,0.018556422969271
0.624065276479311,0.29719847132707,1623,1623,0.00461861230530577,0.0170795904330507
0.61404111303015,0.30186406849741,1624,1624,0.0110567468005458,0.0281079632801258
0.622261311304498,0.297993005936453,1625,1625,0.00908607643707875,0.0190462963845786
0.614573438479909,0.302064085541352,1626,1626,0.00869925730832692,0.0276903703152447
0.617265081073365,0.299102411252413,1630,1630,0.0040020562770492,0.024128822127674
0.623695671269296,0.294553368567196,1640,1640,0.00787694608461496,0.016741850450496
0.617399673267772,0.297140803701265,1642,1642,0.00680693847542412,0.0234491061326529
0.620020329894628,0.296729554477304,1643,1643,0.00265272823336515,0.0208084130218013
0.61684592888309,0.299256872501919,1644,1644,0.00405760498072415,0.0245753304168295
0.61238965615221,0.301438114234106,1646,1646,0.00496146975665667,0.0295010534285107
0.613089384142104,0.29572676136918,1654,1654,0.00575405689992193,0.0273937127314986
0.616137283497345,0.295152683891933,1655,1655,0.00310149245195932,0.0242937090769858
0.614328221085358,0.293489911648288,1656,1656,0.00245713620800725,0.0258989415219261
0.615920739890991,0.296409929741699,1657,1657,0.0033260519857847,0.0247292478101702
0.616664960825697,0.295879255814658,1662,1662,0.000914045740920924,0.0238964894988751
0.620656120475071,0.296487302957409,1663,1663,0.00403721149738269,0.0201320720466349
0.619536205462216,0.295370972305843,1664,1664,0.00158126650493956,0.0209808212722366
0.625510620499833,0.291348132679788,1668,1668,0.00720256021832949,0.0146359058173509
0.624156428237918,0.291602728829756,1670,1670,0.00137791722603684,0.0159905746966239
0.6236775588757,0.294202066920421,1672,1672,0.00264308047089999,0.01669803713158
0.622970393257009,0.294799741436991,1673,1673,0.000925903904309624,0.017500597942049
0.616390016121584,0.296746584907734,1678,1678,0.00686232925062614,0.0243408319773369
0.62298753055121,0.29676394170935,1691,1691,0.00659753726080321,0.0179645196900651
0.621703184688591,0.295793889449525,1693,1693,0.00160951722004403,0.0189490978916659
0.625286721756191,0.298123396322989,1702,1702,0.00427414789032618,0.0162917486784566
0.62879743620257,0.296047323069662,1704,1704,0.00407862673913581,0.0122469129351534
0.632902402154436,0.293696731707293,1706,1706,0.00473033034986178,0.00758606352697411
0.632163712765834,0.294741309953646,1708,1708,0.00127937708498594,0.00863676322665935
0.631968678163166,0.292509240639491,1710,1710,0.00224057401561077,0.00824664654095235
0.635332253241264,0.292547225698593,1713,1713,0.00336378955505787,0.00493879447309586
0.638075992160444,0.288660985714916,1714,1714,0.00475720132718311,0.00346843605151941
0.64165775590768,0.286678943648591,1715,1715,0.00409359527722227,0.0049988918759973
0.631581595586716,0.294947238452367,1716,1716,0.0130343279756157,0.00925346081106554
0.641943981173049,0.289495600544374,1721,1721,0.0117089449106103,0.00265095717608731
0.631906120979526,0.295966365444675,1722,1722,0.0119427566189586,0.00939959755007296
0.634912495791817,0.292922205739944,1724,1724,0.0042784574112506,0.00543850989379147
0.644295092570325,0.288133795039122,1733,1733,0.0105338501673327,0.00530749861663056
0.630687147422594,0.293569799027644,1738,1738,0.0146535425923864,0.00969503308362367
0.630369519835613,0.298710402726987,1741,1741,0.00515040713708249,0.0121814116793713
0.622121473022904,0.298881205981425,1750,1750,0.00824981514801181,0.0194988666714807
0.620667566697108,0.299554513174095,1755,1755,0.00160224410746016,0.0210997827218294
0.607973970514188,0.304468774374217,1756,1756,0.0136116621761659,0.034708822269496
0.616767571996927,0.301382863420272,1757,1757,0.00931934941146147,0.0254036458959602
0.614641191037087,0.300726880622035,1763,1763,0.00222526614542008,0.0271418710258745
0.620151116010012,0.297413739911125,1765,1765,0.00642932147100702,0.0208672883680127
0.615581511618523,0.29716668124791,1766,1766,0.00457627821245445,0.0252225213084854
0.619370671857728,0.298770453081603,1769,1769,0.00411458617760263,0.0220295825451063
0.619637315635344,0.300269799567506,1774,1774,0.00152287188854841,0.0223273956336334
0.63067329792906,0.296326266436972,1783,1783,0.0117194009547772,0.0106571241911378
0.628908378207014,0.297038882480507,1785,1785,0.00190335578670165,0.0125536262717909
0.626388709885774,0.299154605372784,1786,1786,0.00329013856941694,0.0157710155905472
0.629911232246952,0.297931665895481,1787,1787,0.00372877255275047,0.0121180374215154
0.618726889760825,0.302594576112885,1790,1790,0.0121174357247132,0.0241480128595277
0.621177049401879,0.300186652914877,1791,1791,0.00343531314353653,0.0208869841034181
0.613237448567927,0.304587505729161,1792,1792,0.00907770713867128,0.0299472501352925
0.619748514887081,0.300581854455268,1793,1793,0.00764455536577918,0.0223510528582426
0.604735012003779,0.304999078295946,1796,1796,0.0156498286024344,0.0379169868805761
0.617848521077897,0.300778798357438,1797,1797,0.0137758804798949,0.024172891528898
0.628784526291858,0.294038542249359,1809,1809,0.0128462937239609,0.01165420340767
0.621847358633204,0.29760570680746,1810,1810,0.00780057421661045,0.0193084642210147
0.621339315578071,0.2991543971675,1822,1822,0.00162989250478353,0.0203261463420206
0.633323686859074,0.292961890622815,1823,1823,0.0134897106087157,0.00698937561435982
0.637630459034368,0.290948214051365,1827,1827,0.00475428016678582,0.00256410943990065
0.630108349706736,0.29500288958731,1836,1836,0.00854532166969968,0.0106501455624282
0.627896645621087,0.298938776912374,1838,1838,0.00451473631545363,0.014360574975113
0.630567626067472,0.298377692151468,1841,1841,0.00272927694708536,0.0118248786495251
0.623676123371885,0.299009443950693,1842,1842,0.00692039881358768,0.0181246338916747
0.628167003187951,0.29626222240205,1844,1844,0.00526452540687927,0.0129119466399808
0.627998590613264,0.295580401335909,1845,1845,0.000702312438695468,0.0128326126600108
0.633163003298138,0.292485697476407,1847,1847,0.00602066029250148,0.00706050337738089
0.632808049834517,0.294394462811462,1848,1848,0.00194148836350982,0.00790916356703306
0.639113762382994,0.288718998639601,1852,1852,0.00848368459515664,0.00291387561397351
0.643456231549013,0.288204535466473,1853,1853,0.00437283784450448,0.0046313346658209
0.644191432501999,0.286649734553846,1854,1854,0.00171986229657412,0.00627273193415432
0.6469694202624,0.289274227098052,1858,1858,0.00382167203086959,0.00715984189761176
0.636716462153185,0.296130370660401,1862,1862,0.012334093178538,0.00580748139303594
0.645433993615742,0.293287981387418,1865,1865,0.00916921651941106,0.00560013453087106
0.633066637298757,0.300930485825705,1866,1866,0.0145382040280258,0.0118371027890943
0.644657910617462,0.293326544251897,1867,1867,0.0138628115693321,0.00488876441185573
0.650604810129473,0.290525725658592,1873,1873,0.00657344647795657,0.0104988172481725
0.64583621452149,0.296118653615102,1879,1879,0.00734985354950598,0.00736410694017734
0.642730008673448,0.295861061342909,1880,1880,0.00311686838815883,0.00511741286059093
0.637951446721094,0.299687744592214,1882,1882,0.00612194078891619,0.00853106667557219
0.638001852987509,0.296182965962733,1883,1883,0.00350514108608488,0.00520169915562495
0.639474837896333,0.297159002894535,1885,1885,0.00176701234683422,0.00575447004015884
0.64235028187151,0.295235342077761,1888,1888,0.00345957352752815,0.0043855977490264
0.64751486287626,0.290951429138302,1889,1889,0.00671005268440485,0.00738508326930354
0.654244302231653,0.292336266697953,1895,1895,0.00687045334053958,0.0141263069313752
0.655686574737726,0.289833254999177,1900,1900,0.00288880901860671,0.0156235971186125
0.663498676770412,0.28500726626155,1901,1901,0.00918254351826332,0.0242232722768458
0.664648111730884,0.282791201645937,1903,1903,0.00249642606718629,0.0259848230478604
0.658330638767285,0.282297723807974,1911,1911,0.00633671721180333,0.0203549653973297
0.654616154949413,0.28281801869477,1912,1912,0.00375074616609267,0.016845885534416
0.65982697931537,0.279375742182247,1923,1923,0.00624515477482495,0.0230861719014237
0.655432282159037,0.281163471537327,1929,1929,0.00474440084129664,0.0184214468630824
0.649037976083195,0.287221021171375,1936,1936,0.00880801099911353,0.00984355488174175
0.647264927924474,0.287671872042808,1939,1939,0.00182947158529886,0.00805628801028923
0.660807063266543,0.281876106264748,1949,1949,0.0147302522238096,0.0227686646057229
0.660661862559102,0.283921799870794,1950,1950,0.00205084021202504,0.0218511515363186
0.650060626671984,0.290335069543079,1952,1952,0.0123901666745758,0.00997621889797374
0.64897535827422,0.290040951845807,1954,1954,0.00112441661097382,0.00893990328323464
0.651142015257168,0.282838819971237,1959,1959,0.00752097773035226,0.0139625888220786
0.663877676821924,0.273519192856525,1983,1983,0.0157813980701736,0.029740125023484
0.654863910711337,0.2854535489895,1986,1986,0.0149558294923767,0.0158900629765404
0.658188820889112,0.279319653499231,1991,1991,0.00697708403101283,0.0217377869995996
0.657190552307928,0.278591781532137,1994,1994,0.00123545042824892,0.0213467722193651
0.656331092362355,0.280548667696724,1997,1997,0.00213730551377111,0.0195103794713332
0.657962586027346,0.283385519384085,2002,2002,0.00327253710062836,0.0195540157396183
0.657876868957297,0.284536499600462,2004,2004,0.00115416761113325,0.0190285938394129
0.659551080749645,0.282544154269634,2005,2005,0.00260238833437848,0.0213483754855481
0.662940698606794,0.276051922685081,2009,2009,0.00732383643761732,0.027504534553304
0.675332123876673,0.278710515233375,2024,2024,0.0126734184242783,0.0374190545660766
0.67425926598649,0.278974854334863,2026,2026,0.00110494308138625,0.0363204591605148
0.678900856682812,0.276494175620617,2030,2030,0.0052629013932902,0.0415381101332873
0.677235278074661,0.27822505222611,2031,2031,0.0024021003150104,0.0393742917332167
0.676846767076944,0.280380283362508,2032,2032,0.00218996850357405,0.0383318763141474
0.67454014469764,0.278910884297002,2042,2042,0.00273489312668995,0.036606246475644
0.667713615260842,0.285473751082734,2044,2044,0.00946956834278802,0.0282064444258591
0.667601740884552,0.284184031009894,2046,2046,0.00129456314730364,0.028399131942189
0.674979211590724,0.280954672279533,2052,2052,0.00805331185474551,0.036378018473598
0.666507333727323,0.279951108118115,2055,2055,0.008531111038925,0.0287574574844755
0.671998493824866,0.276852417256219,2062,2062,0.006305134754662,0.0350353699109511
0.66690758995588,0.27850837665201,2065,2065,0.00535345717492588,0.0297236820318431
0.682125967626428,0.272091288043123,2082,2082,0.0165159936164235,0.0462257581044853
0.683749506702875,0.268340491654436,2083,2083,0.00408709587386176,0.0493458357956697
0.681369510802104,0.274015200963375,2084,2084,0.00615359295279156,0.0447561997834788
0.678769524251755,0.271448663164522,2088,2088,0.0036533609642269,0.0434921476566902
0.677446967390441,0.271954025066159,2097,2097,0.00141582036397098,0.0420856128949002
0.68260487318743,0.268082711197022,2099,2099,0.00644911337192842,0.0484611157993407
0.680126637267781,0.274125423211521,2108,2108,0.00653115776594084,0.0435701912584745
0.68169915846087,0.273357882356313,2128,2128,0.00174984052619878,0.0453183054409301
0.686160913066733,0.271577830754679,2137,2137,0.00480373166063832,0.050119961893479
0.679429831466964,0.272444056798071,2143,2143,0.00678659023818288,0.0436370724994556
0.674867560346134,0.276729318528001,2146,2146,0.00625921607503381,0.0377105931071924
0.680328049356189,0.275871720919881,2148,2148,0.00552742380195183,0.0430937417216612
0.671039172600315,0.281163033803753,2156,2156,0.0106902396334622,0.0325587120994601
0.670624933124981,0.284073066056517,2160,2160,0.0029393676284282,0.031357304437318
0.674596264019778,0.282134970027922,2172,2172,0.00441901406334325,0.0356855838235501
0.673716179282069,0.283338986612066,2174,2174,0.0014913769075731,0.0345344917796799
0.67632814925979,0.279836334444556,2175,2175,0.00436932024130512,0.0379982430519186
0.667115085164466,0.285956430755601,2176,2176,0.0110605663906065,0.0275214754785191
0.681453001417858,0.280303400934667,2181,2181,0.015412092286437,0.0427827060080994
0.68011461327845,0.279097164331662,2182,2182,0.00180174625131762,0.0418319636612384
0.679191039746602,0.280281329610438,2183,2183,0.00150174414471604,0.0406091112549541
0.673198623737155,0.277090640943991,2186,2186,0.00678892802999635,0.0360343712984572
0.673478980298864,0.278947043189895,2189,2189,0.00187745282238748,0.035598357723392
0.67391837932982,0.279887082083396,2190,2190,0.00103766306174005,0.0356947846809159
0.671517649141389,0.283068719714899,2193,2193,0.00398576510294321,0.0324701321332518
0.662021459810836,0.284828566100608,2198,2198,0.0096578812947251,0.0228536243152658
0.664410879639543,0.284427173349639,2199,2199,0.00242289976234029,0.0252588107772792
0.667032575072141,0.285839420017209,2202,2202,0.00297787299785727,0.0274642653907614
0.668973435613423,0.282766711007047,2203,2203,0.00363434730066304,0.0301048362205256
0.664927887191757,0.286171573300953,2206,2206,0.00528767900619048,0.0253362993315468
0.668962863156023,0.282454605134938,2216,2216,0.00548606264814519,0.030186180567979
0.665791246647346,0.284004099309883,2219,2219,0.00352988434319048,0.0267023846883908
0.666585298675673,0.287376058307489,2223,2223,0.00346419198446423,0.0267501777453925
0.670060206073692,0.286397653370226,2224,2224,0.00361002183456944,0.0303366259198258
0.666046224892578,0.286347772711627,2225,2225,0.00401429109587724,0.0263965984865489
0.663605954382336,0.282991512336122,2227,2227,0.00414962695568425,0.0249359409243489
0.666989681892721,0.281059294444186,2228,2228,0.00389654691315962,0.0287821197124733
0.67548674962821,0.280368192197414,2230,2230,0.00852512653378124,0.0370354329144226
0.666984729691167,0.284207923446346,2232,2232,0.00932887340861167,0.0277968401903344
0.672335327835148,0.281340558419023,2233,2233,0.00607047631560233,0.0337374453537118
0.668938450771266,0.283235255772533,2235,2235,0.00388955676761834,0.0299394998502954
0.676408007733921,0.276354136937308,2239,2239,0.010155987280557,0.0392761583809705
0.678824181084741,0.273371891568976,2242,2242,0.00383818721509911,0.042691687782309
0.672817306608266,0.279601057379249,2243,2243,0.00865361471686835,0.0347512824990075
0.675864000223832,0.277327517000216,2256,2256,0.0038014902133537,0.0384061275959031
0.67566088660278,0.279304263835469,2259,2259,0.00198715454701934,0.0375321345085193
0.670160925312029,0.282647036338627,2269,2269,0.0064361247818566,0.0312772527490107
0.663604925358737,0.28455330705543,2270,2270,0.00682751810201222,0.0244497545271121
0.663190720958095,0.283983137264873,2272,2272,0.000704740289450744,0.0242221239784161
0.663424470868876,0.287436868922039,2274,2274,0.00346163276222374,0.0236206058466723
0.6565885466315,0.292204519616585,2284,2284,0.00833428781146593,0.0164599200067264
0.6580464859544,0.291012611076617,2290,2290,0.0018831444546042,0.0179054658514188
0.662105636154487,0.287206510699361,2291,2291,0.00556444969683575,0.0223645061697093
0.657945424912217,0.28764124773977,2298,2298,0.00418286431463104,0.0182008674164511
0.658273352614168,0.287834210498659,2300,2300,0.000380488112856248,0.0184830338610869
0.660480719282533,0.288551013111739,2301,2301,0.00232083467630235,0.020539243605979
0.661632205811488,0.289009866367582,2305,2305,0.00123954327748667,0.0216234145306944
0.65375455905318,0.290426197730583,2316,2316,0.00800395608299419,0.0136463419798438
0.655773743431956,0.288121700031943,2318,2318,0.00306395417696318,0.0159767410086918
0.65640360641477,0.288578915880227,2323,2323,0.000778314659402859,0.0165078941618975
0.654479956223835,0.286590224303476,2330,2330,0.00276682566211254,0.0151331982125143
0.661456041644937,0.286664745951603,2333,2333,0.00697648344644713,0.0218391492475019
0.656872789809712,0.286796702246815,2334,2334,0.00458515101702654,0.017360131633452
0.665267488820104,0.283328123953792,2338,2338,0.00908306153507217,0.0263996816443748
0.662980868229283,0.285772185750531,2346,2346,0.00334694962505346,0.0235284727189121
0.66410318036147,0.283502528822882,2353,2353,0.00253198086313442,0.0252388699707789
0.657771560184929,0.287723665453565,2357,2357,0.00760969174900498,0.01801367496275
0.6560014157775,0.283590956019917,2369,2369,0.00449585347694015,0.0176933631500134
0.652023997932334,0.288697347836038,2375,2375,0.00647264166278287,0.0121911828268644
0.650498669351018,0.287658234341008,2378,2378,0.0018456392216609,0.011022889443455
0.646317384030705,0.290199543165863,2380,2380,0.0048929947346334,0.00629536342955675
0.646085860299145,0.289509088004851,2382,2382,0.000728238674916123,0.00624681026199412
0.64302301811269,0.295135382462257,2385,2385,0.00640594970168877,0.00468012298972059
0.643267946456358,0.292967326900901,2386,2386,0.0021818466514993,0.00347365142903062
0.64731536963741,0.293401633561889,2387,2387,0.00407065801588584,0.00743167465542728
0.646827543644971,0.292139143082495,2393,2393,0.00135346090060243,0.00671741252435882
0.646120979156126,0.290980301368178,2395,2395,0.00135725734322492,0.00599271940161132
0.64527023054563,0.292595759835081,2397,2397,0.00182578182063177,0.00525190340850815
0.646833361932144,0.289472127497626,2398,2398,0.00349291550300028,0.00697176971050186
0.650742091819975,0.287022551420548,2407,2407,0.00461287245579325,0.0114813047622264
0.652867027869539,0.2862993412777,2409,2409,0.00224463496485616,0.0137216946010022
0.6500893457028,0.287033706220125,2410,2410,0.00287311853011371,0.0108772738787759
0.645856173137032,0.293274314025158,2412,2412,0.00754088428155543,0.00599619085700051
0.646081311472465,0.290262446076205,2416,2416,0.00302027081766057,0.0060515337664373
0.650255081456869,0.285794776290713,2418,2418,0.0061139536467748,0.0115802003871392
0.655060436987426,0.283882665055763,2419,2419,0.00517180927238004,0.0167214026601199
0.65294294352323,0.288715082259604,2424,2424,0.00527598659995375,0.0130844325432966
0.657596825598595,0.283080406333028,2429,2429,0.00730809080190845,0.0193512467466938
0.655249689510748,0.286494509143121,2436,2436,0.00414308409433826,0.015893734123852
0.661159566439888,0.28038353749634,2439,2439,0.00850121284202103,0.0237463916189111
0.656558623846105,0.286272284451522,2441,2441,0.00747301903205475,0.0172079085754617
0.661156600932739,0.279566827639578,2448,2448,0.00813047011839149,0.0241350287135663
0.654611607946565,0.284249734556417,2451,2451,0.00804776679463592,0.0161555771709649
0.659045200015415,0.284063251802423,2452,2452,0.00443751219158962,0.0202890279465971
0.653731882457467,0.286316841650621,2456,2456,0.00577148253705225,0.0145208963524298
0.651317135600471,0.293335218664569,2466,2466,0.00742217072649817,0.0113299093569748
0.653829109239089,0.289759647218362,2469,2469,0.00436975087711447,0.013786156650591
0.651881897776356,0.292139165769947,2471,2471,0.0030746936461924,0.0117562653971239
0.658273112138776,0.286598068156034,2474,2474,0.0084588051043464,0.0187634187164657
0.655096973002457,0.289835647243477,2478,2478,0.00453539173178083,0.0150370033282537
0.654579306427135,0.289746121361473,2482,2482,0.000525350898689751,0.0145325976324634
0.655950158524618,0.289056347001939,2486,2486,0.00153460879061866,0.0159832651223263
0.659341485696383,0.285717668562167,2487,2487,0.00475897822123084,0.0200311612910644
0.657103374383342,0.288075478838957,2488,2488,0.00325090934215313,0.0172884675159761
0.65645818205875,0.289483312542731,2492,2492,0.00154863451892127,0.0164293626176823
0.658567719480737,0.290119991654211,2493,2493,0.00220352182329985,0.0184690129011467
0.653466518541168,0.293542650493482,2494,2494,0.00614303219557733,0.0134846419206002
0.656630421181038,0.290636536507414,2495,2495,0.00429601890296077,0.0165039640850306
0.656766563555124,0.291658441550763,2497,2497,0.00103093387937532,0.0166217356259065
0.651001960661231,0.295063833131905,2498,2498,0.00669532212407982,0.0114434110792721
0.658820421735731,0.286650572366249,2499,2499,0.0114852640493982,0.0192795589074817
0.653195866343144,0.290380390114773,2502,2502,0.00674886388968425,0.013092912171057
0.65810004817252,0.287980126493107,2505,2505,0.00546006088510697,0.0182848963950983
0.656241048276881,0.288602103023685,2507,2507,0.00196028962568687,0.0163437795800387
0.653105166838792,0.288393477137696,2514,2514,0.00314281357290813,0.0133131189763368
0.651030440425954,0.292360792904203,2515,2515,0.00447706199189861,0.0109227841988463
0.651724198149565,0.290098788732279,2522,2522,0.00236600140593184,0.0116558513553946
0.656499121881335,0.289706906728717,2526,2526,0.00479097778631213,0.0164448935304351
0.657385561005605,0.288867741589727,2528,2528,0.00122064427722932,0.0174307585989861
0.659831394078307,0.288117571215051,2533,2533,0.00255829142408851,0.0199642266654922
0.66475664607816,0.285344020412997,2543,2543,0.00565249425595725,0.0253550999572052
0.666319827041003,0.284787336423623,2546,2546,0.00165934679516374,0.0270067950690349
0.671822280230385,0.281576552553435,2553,2553,0.00637072399044254,0.0331773478064088
0.664263412164762,0.283738739819671,2555,2555,0.00786203155728648,0.0253181302052944
0.651167494962074,0.292528068748424,2568,2568,0.0157719799136784,0.0110744849110653
0.660160936541725,0.286784788015777,2571,2571,0.0106708605567025,0.0205498377123702
0.648555381149951,0.292285192873715,2576,2576,0.0128430280523233,0.00845115317282292
0.649984800647309,0.293641174225719,2579,2579,0.00197026026869794,0.0100809777209485
0.646263673883746,0.288946212547494,2580,2580,0.00599078037909143,0.00660767919372911
0.653350819112995,0.288220547131439,2581,2581,0.0071241994495189,0.0135923204480615
0.646738993571469,0.291963060105829,2582,2582,0.0075975417310504,0.00661319497978559
0.653860928444097,0.288491644558128,2583,2583,0.00792292131948662,0.0140288565915553
0.654113655624755,0.288912237698617,2585,2585,0.000490682807595436,0.0141950135599035
0.660777959642612,0.28273780187156,2599,2599,0.00908496592315404,0.02239338984814
0.653314535187746,0.287339799007989,2602,2602,0.00876818580079101,0.013793033857293
0.656945575081266,0.284711018861993,2605,2605,0.00448273753016135,0.0180983237324237
0.655347439756697,0.284560940235052,2607,2607,0.00160516669224728,0.0166868654381909
0.650741194546373,0.284996129023767,2610,2610,0.0046267574195602,0.0124026810026976
0.656893920369268,0.28739855183679,2623,2623,0.00660512455781506,0.0172293347965181
0.644384868436247,0.293000882910615,2626,2626,0.0137062939456208,0.00451559566774482
0.648456085251861,0.289500774930556,2631,2631,0.00536894423809854,0.00853401661609615
0.645871958033349,0.290378171904682,2632,2632,0.00272901794271502,0.00582406921302167
0.65665386133004,0.284849881652154,2633,2633,0.0121165767366609,0.0177758999130441
0.646420492608604,0.2907945620127,2634,2634,0.0118347395399276,0.00630778331540787
0.659114619288036,0.282053623751743,2637,2637,0.015412490189302,0.0211654536463797
0.642662161439969,0.294112628889198,2642,2642,0.0203986022596547,0.00366776118124115
0.656654422139605,0.28837199603129,2643,2643,0.0151240941909217,0.016791579126669
0.654215283815898,0.284765143412813,2649,2649,0.00435416829872142,0.0155738119975207
0.64344181481593,0.286891427083014,2654,2654,0.0109812893841951,0.00562008695469036
0.656022790986461,0.280747217743555,2655,2655,0.0140011524458012,0.0191437526989414
0.645031430216391,0.285238252077807,2656,2656,0.0118734746796911,0.00789775683148003
0.648203059279694,0.288505156511672,2657,2657,0.00455322912834347,0.00857604672724577
0.63631821679405,0.290934889414769,2660,2660,0.0121306670422101,0.00386168107387525
0.64473295870004,0.284299334246246,2663,2663,0.0107162714476135,0.00849011647494862
0.636879497764858,0.290362943125269,2666,2666,0.00992190512443033,0.00344089402665184
0.632074568052052,0.297018384950222,2668,2668,0.00820866952863491,0.00980954136608004
0.643086036576543,0.289216231043883,2669,2669,0.0134954082800061,0.00368846381520115
0.636121162965848,0.28998810202102,2670,2670,0.00700751376868442,0.00428020800967607
0.63380826807986,0.29452367200917,2672,2672,0.00509125503889134,0.00704662805563402
0.638883593861911,0.290514354655231,2673,2673,0.00646788662845504,0.00156784438596099
0.644807611878658,0.290282088489923,2675,2675,0.00592856956055086,0.00480398615415145
0.63718638563556,0.29290427004085,2681,2681,0.00805971001553456,0.00330052426397096
0.630580977033365,0.295713221132667,2695,2695,0.00717785685550853,0.01047479988291
0.620537400395277,0.300339879540966,2696,2696,0.0110580016147688,0.0215324223906861
0.618581627159118,0.299217714699599,2698,2698,0.00225483987956489,0.0229230154310296
0.629096597514326,0.294806838691661,2701,2701,0.0114026500747987,0.0115500574592993
0.63151116612164,0.293786220584339,2707,2707,0.00262141238274714,0.00894711279183825
0.61752920394883,0.302032613947026,2710,2710,0.0162326297836813,0.0249730139385757
0.627417146575931,0.29635745381962,2713,2713,0.0114008268063566,0.0136445162741749
0.616886680717209,0.296967085080026,2716,2716,0.0105480975287193,0.0239063211109419
0.625537865165213,0.294621111196339,2717,2717,0.00896362570706345,0.014949881055012
0.609000109280656,0.302645899745226,2718,2718,0.0183819096111245,0.0330993373052781
0.610818294345642,0.301289554504412,2720,2720,0.00226836270089622,0.0309364686662946
0.612733582619674,0.30036766650493,2722,2722,0.00212560736172825,0.0288285822395029
0.624798143107999,0.293944916879006,2725,2725,0.0136676747303175,0.0155505205510413
0.61054843721156,0.300286620268873,2728,2728,0.0155971574339704,0.0308905044503079
0.613534505469817,0.30092113582153,2735,2735,0.0030527387096726,0.0282489343547695
0.605676985221544,0.30247545917125,2736,2736,0.00800977811974247,0.0361914975643594
0.612020810451237,0.299335608588725,2737,2737,0.0070783317402812,0.0292116147077036
0.609928353164258,0.298993142997626,2738,2738,0.00212029719117827,0.0311466078232953
0.60758211523959,0.303871071142267,2740,2740,0.00541285649019359,0.0348547954908256
0.615058796865177,0.297178634421141,2743,2743,0.0100344146514216,0.0257345377125567
0.616654902297144,0.297232589304813,2745,2745,0.00159701711932806,0.0241940367121239
0.606979304132907,0.302230046870249,2746,2746,0.0108899853973327,0.0348767301800523
0.605576260037837,0.303118090981645,2750,2750,0.00166046833047059,0.0364879432847245
0.6141837396299,0.297803817299428,2751,2751,0.0101158395448566,0.0267301227389312
0.610787402602992,0.299184219838295,2753,2753,0.0036661446193047,0.0303620384761603
0.61130226181407,0.29773599423064,2755,2755,0.00153702225680032,0.0295222772362306
0.601735930006569,0.301929189572387,2756,2756,0.0104449792448455,0.039815733078952
0.610060414124508,0.296408921105106,2757,2757,0.00998851339192548,0.0304927439253866
0.609892627323599,0.297781352807663,2759,2759,0.00138265006011741,0.0309102514578633
0.614115893468043,0.299913484459966,2761,2761,0.00473095786385373,0.0273735743674507
0.604059145971711,0.302645671614364,2762,2762,0.0104212771219097,0.037785680531138
0.615372108309793,0.299067299633613,2769,2769,0.0118654061411942,0.0259205236537105
0.605591507206981,0.304043783273751,2770,2770,0.0109738574509099,0.0367802460489401
0.616134941455603,0.299196792411503,2771,2771,0.0116041943354001,0.0252319159045021
0.604722083762255,0.305465442221351,2772,2772,0.0130211094445566,0.0380982220265865
0.617399708256524,0.298628985219274,2773,2773,0.0144034477524979,0.0238543481865868
0.606114761997114,0.304673850397585,2774,2774,0.0128019688759866,0.0365126427254188
0.607511414694973,0.305214689746894,2776,2776,0.00149771357749001,0.0354212735101145
0.606864286349358,0.303348457702713,2778,2778,0.00197524609566159,0.0353469487822325
0.607315473706465,0.304162042055868,2780,2780,0.00093031689811152,0.0352081005306971
0.605688739641934,0.304604999070293,2782,2782,0.00168596400712877,0.0368854147849618
0.608168740755216,0.3030645846399,2784,2784,0.00291946607091822,0.0340235309065118
0.618344739003696,0.299483763551505,2785,2785,0.0107876420046349,0.023236712112531
0.60897339604033,0.303035584404301,2786,2786,0.0100218511417496,0.0332582812626447
0.622439885841594,0.295200705112396,2787,2787,0.0155798485578735,0.0181005009313622
0.610720480509012,0.302636306169256,2792,2792,0.0138792155551433,0.0314824592514707
0.62036876765398,0.296099645628264,2793,2793,0.0116540712139542,0.0203180698896069
0.613648758953273,0.303437797438403,2798,2798,0.00995022557162517,0.0290855686800737
0.619029750407951,0.299388256942987,2799,2799,0.00673452650594922,0.0225614472380221
0.620852487316378,0.297169823215929,2801,2801,0.00287120498026355,0.0201254775144183
0.61629862133727,0.299462730857109,2804,2804,0.005098541046874,0.0251596977491866
0.621836688307633,0.296066259806406,2805,2805,0.00649663000073798,0.0188840025169417
0.62323676807871,0.296426883704832,2811,2811,0.00144577763210498,0.0176283904114846
0.623789982433657,0.295660696184264,2815,2815,0.000945034094196405,0.0168910697646977
0.622643612651054,0.295878955111761,2817,2817,0.00116696214073018,0.018055784474449
0.614766957599937,0.302275088277221,2818,2818,0.0101465370577642,0.0275938896019276
0.620176634558111,0.299393516575631,2822,2822,0.00612927893501368,0.0214937564977543
0.623513800435968,0.294535319689948,2827,2827,0.0058939590324665,0.016917282867004
0.612039947140745,0.30089832534185,2828,2828,0.0131201048153754,0.0296538303259107
0.611901305858593,0.301883234538003,2830,2830,0.000994619288865558,0.0301123883698093
0.623327717445929,0.295707187811782,2831,2831,0.0129887041281134,0.017350447020545
0.605284655798028,0.30439759921693,2832,2832,0.0200268650572345,0.0371904327875771
0.617883094742803,0.298179654963048,2833,2833,0.0140493236345956,0.0232597886387456
0.606571365819267,0.305694234337311,2836,2836,0.0135802840328051,0.036473886063375
0.61762154617361,0.300055238301161,2837,2837,0.0124058358105863,0.0241146626971147
0.617164642134243,0.302556723787642,2839,2839,0.00254287061020903,0.0255274163886226
0.606851035289503,0.305756292265039,2840,2840,0.0107985056646474,0.0362410735487414
0.616116752596622,0.301623613552126,2841,2841,0.0101455680254783,0.0260967995062271
0.607333028973789,0.30548048051243,2842,2842,0.00959318630236056,0.0356893903174594
0.615422841163348,0.301009214308719,2843,2843,0.00924322902057417,0.0265092753357952
0.603962202658698,0.306450593151202,2844,2844,0.0126867978088124,0.0391725097711949
0.616293827450133,0.299069225318994,2847,2847,0.0143719713703822,0.0250416242163983
0.60397962520706,0.307041514027418,2848,2848,0.0146695931822859,0.0393866702647793
0.60804896678193,0.302693758031622,2856,2856,0.00595504181781673,0.0340116756826441
0.603958445304053,0.303689431540641,2858,2858,0.00420995625838742,0.0382035243809352
0.604117763030999,0.305585023640557,2860,2860,0.00190227536055726,0.0387042962071938
0.612397350050924,0.299988521725978,2861,2861,0.00999361770833754,0.0290346542074576
0.600155018165923,0.305297999155525,2862,2862,0.0133441088333909,0.042322968373505
0.6073169280672,0.302381667398417,2863,2863,0.00773291305728481,0.0346034423891975
0.597635474091672,0.305706220427567,2864,2864,0.0102363667345351,0.0448394769000784
0.609485578456055,0.299313640719147,2867,2867,0.0134643993098568,0.0316545167349254
0.611950120814761,0.29869404127757,2869,2869,0.00254123444527626,0.029113316137188
0.60978544096649,0.298670263286232,2871,2871,0.00216481043936471,0.0312089380935554
0.615487111535231,0.297657592330157,2881,2881,0.00579090232517562,0.0254299454664041
0.607836675631134,0.301173710353487,2886,2886,0.00841975388456707,0.0337428032277924
0.602454048338241,0.303470246703292,2900,2900,0.00585207277639058,0.039564301648812
0.607820522123935,0.301739060040544,2901,2901,0.00563879846721066,0.0339255367405764
0.611791834156254,0.299515967355463,2903,2903,0.00455120427409085,0.0294810141727017
0.605555814327538,0.30305554536965,2906,2906,0.00717053385897142,0.0364873622267754
0.601226064962225,0.304225699107235,2910,2910,0.00448508520944841,0.0409652790644482
0.598338366418091,0.304175715055517,2912,2912,0.00288813110630724,0.0437035115670335
0.596804550895953,0.303348948920243,2914,2914,0.00174245008490559,0.0449469857190824
0.594251897560814,0.306114883312775,2920,2920,0.00376383210480853,0.0481822372027987
0.607077770156922,0.301643325586801,2921,2921,0.0135829980618534,0.0346056587024605
0.606600525048731,0.303021418022739,2925,2925,0.00145839009023025,0.0354873739782451
0.610060873623912,0.301048150840131,2927,2927,0.00398344017599305,0.0315811750201576
0.600391495639663,0.302869980003108,2945,2945,0.0098395087327241,0.04136416866878
0.58848323092815,0.307541499078526,2946,2946,0.0127917887299415,0.0541128326104839
0.587756398166519,0.307194422999396,2948,2948,0.000805448737092817,0.0547062507108888
0.588674196805437,0.306529017051325,2950,2950,0.00113363107637708,0.0536370330075394
0.599070006075466,0.302529426272876,2957,2957,0.0111386523769205,0.0425458013887498
0.592830487682685,0.304978103908928,2958,2958,0.0067028062734316,0.0492133561636158
0.590559151099549,0.308012780409891,2960,2960,0.00379054499239736,0.0522819931607326
0.591153844106944,0.30594309070613,2962,2962,0.00215343336161088,0.0510928640915052
0.598932909972829,0.302969780056003,2969,2969,0.00832793143391173,0.0427946709929257
0.582522689576855,0.30728911641519,2972,2972,0.0169691484768162,0.0597623924076054
0.594754436076228,0.304567865982394,2973,2973,0.0125307951201396,0.0472509653330522
0.584922789948556,0.307880132588829,2978,2978,0.0103746024334368,0.057617518907287
0.593256268731474,0.30344066012204,2979,2979,0.00944223407932266,0.048400318222802
0.583101002730755,0.306090222996861,2980,2980,0.0104952184814318,0.0588954398859225
0.585022168827575,0.308096039532127,2982,2982,0.00277744111453632,0.0575843408928973
0.58469957286546,0.308376242382729,2986,2986,0.000427295907139692,0.0579744467710798
0.600807376172416,0.301483108699167,2995,2995,0.0175207482532864,0.0405996452917398
0.59980833702988,0.30375424966042,2998,2998,0.00248116111411574,0.0421745262053351
0.607704960066147,0.298680630161521,2999,2999,0.00938606787725887,0.0332386246814351
0.595289356166546,0.30596095634545,3000,3000,0.014392719323887,0.0471474765908151
