sensor_A,sensor_B,dist_km,n_obs,pearson_r,pearson_p,spearman_r,spearman_p,z_dist_km,z_pearson_r,z_spearman_r,mahal,outlier_mahal,outlier_z,weight,w_dist,w_corr
RBCT,RFRT,3.3404,31243,0.770235,0.0,0.836304,0.0,1.5996765751293534,1.2264004375565,1.1904935751268133,1.8241295418570425,False,False,0.9332514896934888,1.0,0.7775049656449622
AUCT,MNKT,34.1919,31254,0.07431,0.0,0.149128,0.0,1.5363355975709465,0.1455960071560437,0.0672079588600091,1.621615304183912,False,False,0.703490651006805,0.9772728739363647,0.0646654641711653
AUCT,GBIT,95.0423,31289,0.011179,0.047988,0.214233,0.0,1.411404108961962,0.2700569872201995,0.0519502456905165,1.7322470281209483,False,False,0.585204010059539,0.8360057286564844,0.0
GIST,LOTT,125.6596,31283,0.172722,0.0,0.663083,0.0,1.3485439656237446,0.0484204660516307,0.8734564297394142,2.966066086489639,False,False,0.561372859630287,0.7310458668061809,0.1654691762198684
WLGT,CPIT,128.9822,31321,0.853771,0.0,0.861226,0.0,1.34172236109769,1.391089297714573,1.2361069807609153,1.8095013031493792,False,False,0.7621291819836743,0.7188684986769178,0.863070776366106
GBIT,MNKT,129.1722,31229,-0.011885,0.035706,-0.00708,0.210879,1.3413322735578268,0.3155270105716384,0.3531071189311024,1.5590340751333014,False,False,0.5029348919330064,0.718168695351435,0.0007226839566731
NAPT,GIST,130.3107,31290,-0.045662,0.0,0.546629,0.0,1.3389948279571189,0.3821174102742724,0.6603168927956016,3.6379470052053446,False,False,0.5103743678166139,0.7139689725836917,0.035320290026766
NBRT,KAIT,144.8292,31322,0.916086,0.0,0.944028,0.0,1.3091870071807632,1.5139415568693129,1.3876550592985486,1.838008102623546,False,False,0.7397427684485712,0.6595319968921629,0.926901235413524
AUCT,TAUT,152.8068,31318,0.9406,0.0,0.941807,0.0,1.2928082579280542,1.5622702141896896,1.3835900816116318,1.9070932048138016,False,False,0.7260165500410096,0.629161974209424,0.9520105603147094
WLGT,KAIT,153.9542,31321,0.89656,0.0,0.911785,0.0,1.290452539805742,1.4754466004020828,1.3286424183443577,1.8198322670811744,False,False,0.7094167336041279,0.6247809048859221,0.906900333946608
TAUT,MNKT,161.7105,31258,0.029113,0.0,0.076262,0.0,1.2745281398823582,0.234700613703693,0.2005707072323094,1.3987413999608398,False,False,0.4221063361651692,0.5951362452973263,0.0183698815234692
NAPT,CPIT,168.7511,31321,0.946724,0.0,0.946582,0.0,1.260073138128871,1.5743435068971217,1.392329509101514,1.9000672839176351,False,False,0.6852744196656468,0.568270482908726,0.9582836054317956
TAUT,GBIT,172.8257,31293,0.060352,0.0,0.280869,0.0,1.2517076081818834,0.1731138091825518,0.1739105577775886,1.6315100791221755,False,False,,,
TAUT,LOTT,174.5397,31314,0.955667,0.0,0.954241,0.0,1.248188607953852,1.59197437833451,1.4063473677706249,1.908891155452731,False,False,0.6726338603987454,0.5462869051476787,0.967443422651234
CHST,KAIT,195.4045,31281,-0.878333,0.0,-0.886999,0.0,1.2053512474183627,2.0237047244464006,1.963575872327832,2.698111921164686,False,False,0.5945369117685853,0.4686683943235047,0.8882301191404399
TAUT,GIST,197.8726,31291,0.073766,0.0,0.522869,0.0,1.2002840102755363,0.1466684877623211,0.6168302337045871,2.7224395255062706,False,False,,,
NBRT,CHST,207.5291,31281,-0.890171,0.0,-0.909195,0.0,1.1804583243350553,2.0470430064631517,2.004200025744673,2.713156874662814,False,False,0.5678483529267466,0.425344943905934,0.9003563073086428
NAPT,TAUT,213.874,31321,0.701235,0.0,0.700411,0.0,1.1674316589051623,1.090368890069105,0.9417758746278562,1.5266888440337147,False,False,,,
NAPT,LOTT,239.6822,31313,0.829652,0.0,0.829209,0.0,1.114445041819352,1.3435393717167687,1.1775079755371352,1.6550833376525471,False,False,,,
CPIT,KAIT,269.1766,31322,0.940065,0.0,0.9472,0.0,1.0538903158417277,1.5612154768287367,1.3934606014970632,1.7726002606441489,False,False,,,
WLGT,NAPT,270.752,31320,0.812679,0.0,0.819628,0.0,1.0506558742085652,1.3100775825065725,1.159972382912935,1.580847555129915,False,False,,,
GBIT,LOTT,281.7091,31285,0.069066,0.0,0.2967,0.0,1.0281599364031029,0.1559344047650857,0.2028851916189123,1.5044826869265109,False,False,,,
WLGT,CHST,286.5872,31280,-0.757893,0.0,-0.770418,0.0,1.018144746780956,1.7862606725713013,1.750203894066487,2.36018284741782,False,False,,,
CPIT,GIST,290.8001,31291,0.105083,0.0,0.632082,0.0,1.0094952741667942,0.0849279084483681,0.8167169550558899,3.1234987580052125,False,False,,,
NCPT,GBIT,296.4947,31267,0.044008,0.0,0.254666,0.0,0.997803734669392,0.2053355426917401,0.1259526062556253,1.4303229161393136,False,False,0.1323245776581311,0.1746238563906729,0.0336262606155336
WLGT,NBRT,298.6697,31321,0.800932,0.0,0.826161,0.0,0.993338258884113,1.2869187044147692,1.171929383916369,1.5019437142095915,False,False,,,
NBRT,OTAT,305.9377,31319,0.857594,0.0,0.873651,0.0,0.9784163839381784,1.398626234034056,1.2588477947005554,1.5942500178054662,False,False,0.3692780828162594,0.1559740790243535,0.8669874249973734
AUCT,LOTT,309.2313,31310,0.860706,0.0,0.861614,0.0,0.9716543190892613,1.404761453972908,1.236817116439674,1.6232134896245525,False,False,,,
AUCT,NCPT,311.2383,31292,0.855683,0.0,0.914162,0.0,0.967533762812914,1.394858751610166,1.332992914500054,1.5395931489132446,False,False,0.3618247948762291,0.1461655824537018,0.8650296238621261
OTAT,PUYT,313.7545,31314,-0.400938,0.0,-0.40623,0.0,0.9623677719297328,1.082533990928357,1.083650047221439,1.7063188070141944,False,False,0.2189403007504533,0.1416724784966278,0.3992318860093793
NCPT,MNKT,321.0464,31232,0.203156,0.0,0.387395,0.0,0.947396828077468,0.1084202358520856,0.368879406528826,1.2089001863950266,False,False,,,
LOTT,MNKT,327.4247,31250,-0.121249,0.0,-0.155472,0.0,0.934301589364252,0.5311350418674571,0.6247010716177105,1.3614517145745335,False,False,,,
NAPT,MNKT,342.2732,31257,-0.346087,0.0,-0.53484,0.0,0.9038162481239232,0.9743967965626884,1.3190380617709068,2.191997472789628,False,False,,,
NAPT,AUCT,348.1963,31317,0.658879,0.0,0.65626,0.0,0.8916555770325272,1.0068652346288711,0.8609686572235054,1.2996904589944478,False,False,,,
AUCT,GIST,350.6771,31287,-0.107517,0.0,0.309543,0.0,0.8865622656172996,0.5040627924457628,0.2263910486351538,2.553911120972063,False,False,,,
GBIT,GIST,355.6837,31262,0.080165,0.0,0.284011,0.0,0.8762832536326661,0.1340530403366422,0.1796611925782607,1.3013132118364374,False,False,,,
GIST,MNKT,357.4733,31227,-0.085631,0.0,-0.31287,0.0,0.8726090396256153,0.4609151627601231,0.9127782251365438,2.154126528148146,False,False,,,
CPIT,TAUT,362.3214,31322,0.614958,0.0,0.611587,0.0,0.8626554427729206,0.9202762259738876,0.7792060510967005,1.227631619585322,False,False,,,
NAPT,GBIT,386.4842,31292,0.046855,0.0,0.229466,0.0,0.8130469837823278,0.1997227627541079,0.0798303920681858,1.194074815324334,False,False,,,
WLGT,GIST,400.5902,31290,0.255503,0.0,0.692402,0.0,0.7840860635859389,0.2116208650741533,0.9271174296505864,2.5145796144799357,False,False,,,
CPIT,LOTT,407.6816,31314,0.77815,0.0,0.77516,0.0,0.7695267647428458,1.242004636083496,1.0785849773380511,1.4121585360231836,False,False,,,
NBRT,CPIT,408.5471,31322,0.901096,0.0,0.921089,0.0,0.767749813344152,1.4843891960456017,1.3456710326618158,1.576056564885059,False,False,,,
CPIT,CHST,415.3606,31281,-0.852308,0.0,-0.85096,0.0,0.7537610688554172,1.97239717338322,1.8976156153000088,2.353298036351276,False,False,,,
WLGT,TAUT,422.5927,31321,0.386789,0.0,0.391356,0.0,0.7389128999235935,0.4704474990369094,0.3761290132905898,0.8829425554351521,False,False,,,
NAPT,KAIT,423.8267,31321,0.853994,0.0,0.862418,0.0,0.7363793840067961,1.3915289359042788,1.2382886347018447,1.5027403452232937,False,False,,,
OTAT,CHST,439.6693,31278,-0.779185,0.0,-0.77977,0.0,0.7038530636960554,1.8282372480655276,1.7673203602204923,2.187977773514864,False,False,,,
OTAT,KAIT,450.751,31319,0.771576,0.0,0.777748,0.0,0.6811013105881353,1.2290441811098425,1.0833216555252374,1.348263145735556,False,False,,,
CPIT,MNKT,453.443,31258,-0.414945,0.0,-0.65046,0.0,0.6755743860759647,1.1101483950682982,1.5306511730547063,2.344736210281002,False,False,,,
NCPT,TAUT,456.0608,31296,0.869667,0.0,0.928492,0.0,0.6701998010135723,1.4224278119009448,1.3592203482026732,1.4587960676683451,False,False,,,
CPIT,AUCT,469.2958,31318,0.500366,0.0,0.50085,0.0,0.6430271242236102,0.6943613406162701,0.5765300339350145,0.9377487979846696,False,False,,,
WLGT,MNKT,471.7991,31257,-0.445874,0.0,-0.651014,0.0,0.6378876182312935,1.1711240433615973,1.5316651296681922,2.2098501272181683,False,False,,,
WLGT,AUCT,495.1625,31317,0.263086,0.0,0.26933,0.0,0.5899204012373681,0.2265705349958478,0.1527913423208877,0.6800185923282781,False,False,,,
WLGT,LOTT,506.5178,31313,0.598084,0.0,0.602843,0.0,0.5666069220720447,0.8870096124622597,0.7632023748722969,1.0244853966717915,False,False,,,
CPIT,GBIT,527.7334,31293,0.057968,0.0,0.20976,0.0,0.5230493367524286,0.1778137977218265,0.043763552672246,0.8797437469841404,False,False,,,
NAPT,CHST,535.3743,31280,-0.745517,0.0,-0.749506,0.0,0.5073618636822042,1.7618617387784894,1.7119297772772912,2.0191691306814934,False,False,,,
GIST,KAIT,552.9838,31291,0.149082,0.0,0.643551,0.0,0.4712079345599647,0.0018148749994275,0.8377080532509591,2.8727811577874007,False,False,,,
NBRT,PUYT,563.1286,31317,-0.730905,0.0,-0.752845,0.0,0.4503797236420343,1.7330545942584052,1.718040970657127,1.9810645037623773,False,False,,,
NBRT,NAPT,567.589,31321,0.808878,0.0,0.827314,0.0,0.4412221106798924,1.3025840185645496,1.1740396582401036,1.3343491124001745,False,False,,,
WLGT,GBIT,569.9063,31292,0.07368,0.0,0.218551,0.0,0.436464479858179,0.1468380343287547,0.0598532504866024,0.7907286785141464,False,False,,,
TAUT,KAIT,570.9516,31322,0.409494,0.0,0.411357,0.0,0.4343183824612354,0.5152097640470734,0.4127357754319777,0.6946318667426012,False,False,,,
NCPT,LOTT,576.8991,31288,0.758203,0.0,0.807525,0.0,0.4221076159173518,1.2026796900294228,1.1378209083768007,1.2085363069818202,False,False,,,
KAIT,MNKT,600.6926,31258,-0.47842,0.0,-0.757726,0.0,0.3732573639187146,1.235287561398188,1.7269744042860515,2.4804430375575963,False,False,,,
CHST,MNKT,601.0428,31217,0.534479,0.0,0.877764,0.0,0.3725383709899767,0.7616141548110168,1.2663755989447198,2.00303508598617,False,False,,,
WLGT,OTAT,604.4443,31318,0.66631,0.0,0.673218,0.0,0.3655547774802635,1.021515240851753,0.8920059789771007,1.0751980423182328,False,False,,,
CHST,PUYT,605.0792,31276,0.835326,0.0,0.837484,0.0,0.3642512691694249,1.354725502157979,1.192653266108606,1.400777407957754,False,False,,,
CHST,TAUT,623.6247,31281,-0.282468,0.0,-0.282479,0.0,0.3261756456402794,0.8489737383076074,0.8571552008758108,1.0402358295686245,False,False,,,
AUCT,KAIT,627.5201,31318,0.269098,0.0,0.274664,0.0,0.3181780298361527,0.2384230228725757,0.1625538776572291,0.4553441068821113,False,False,,,
CHST,AUCT,633.1687,31277,-0.160779,0.0,-0.164672,0.0,0.3065809325852437,0.6090673182758155,0.6415393402893154,0.8202391770131338,False,False,,,
NCPT,GIST,649.3193,31265,0.04897,0.0,0.368672,0.0,0.273422259841461,0.1955531001028639,0.3346116995355153,1.803154419646314,False,False,,,
NAPT,NCPT,659.4133,31295,0.402113,0.0,0.430058,0.0,0.2526983460131363,0.5006583314093275,0.4469632170002042,0.535379194616692,False,False,,,
KAIT,LOTT,660.4544,31314,0.6133,0.0,0.616933,0.0,0.2505608716039162,0.9170075258907844,0.7889905493921786,0.9674914583902116,False,False,,,
CHST,GIST,663.8632,31250,-0.190724,0.0,-0.558233,0.0,0.2435622905203028,0.6681030384136424,1.3618530203616517,2.7242353644941915,False,False,,,
NBRT,GIST,696.0288,31291,0.042657,0.0,0.472049,0.0,0.1775233443506612,0.2079990009621092,0.5238171017599175,2.503909146574943,False,False,,,
KAIT,PUYT,697.9282,31317,-0.76608,0.0,-0.780033,0.0,0.1736237008074159,1.802401111401436,1.7678017150749088,1.9213229584756024,False,False,,,
CPIT,CHIT,699.0985,31322,0.964489,0.0,0.963921,0.0,0.1712209668710885,1.609366701695869,1.424064154807705,1.6597182853719603,False,False,0.2929867839852567,6.108973056593293e-05,0.9764800705795348
GBIT,KAIT,708.8587,31293,0.068851,0.0,0.187001,0.0,0.1511823752575343,0.1563582711811696,0.002108970422566,0.5526578041989165,False,False,,,
OTAT,CPIT,709.4384,31319,0.653526,0.0,0.650928,0.0,0.1499921976424878,0.9963119466042334,0.8512097823803535,1.053692559757761,False,False,,,
NBRT,TAUT,713.9809,31322,0.290067,0.0,0.29822,0.0,0.1406660258012786,0.2797628130068249,0.2056671664429165,0.3702700717475546,False,False,,,
CHST,GBIT,725.2115,31252,-0.049687,0.0,-0.124522,0.0,0.1176085672476445,0.3900525838777038,0.5680549395105179,0.8497863946208296,False,False,,,
NBRT,MNKT,733.8448,31258,-0.499107,0.0,-0.832437,0.0,0.0998836053639437,1.2760713965122714,1.8637139576256463,2.686915423382512,False,False,,,
CHST,LOTT,751.2367,31273,-0.501125,0.0,-0.500997,0.0,0.0641764291294637,1.280049826408352,1.2570970262651326,1.3451221485590106,False,False,,,
NAPT,CHIT,751.7647,31321,0.886932,0.0,0.887223,0.0,0.0630923963871065,1.4564652708483343,1.283687901484362,1.517484374110297,False,False,0.2691207459737087,1.3400257232220573e-05,0.8970378859788204
CHIT,GIST,756.548,31291,0.109683,0.0,0.59038,0.0,0.0532718399164282,0.0758591386158751,0.7403920115620565,2.83267941051379,False,False,,,
NBRT,AUCT,762.3057,31318,0.198147,0.0,0.206367,0.0,0.041450750293945,0.0985451340931818,0.0375535259762943,0.225448747446344,False,False,,,
CPIT,NCPT,773.4184,31296,0.281054,0.0,0.302204,0.0,0.0186353513242576,0.2619939385502467,0.2129588688763593,0.2923890620941309,False,False,,,
WLGT,NCPT,778.802,31295,0.100714,0.0,0.110844,0.0,0.0075823235368424,0.0935412683175338,0.1372771194930224,0.1990517365562656,False,False,,,
WLGT,CHIT,784.9026,31321,0.847127,0.0,0.856556,0.0,0.0049427714404784,1.3779908397217289,1.2275597291634808,1.4387559327559758,False,False,,,
NBRT,LOTT,805.0055,31314,0.494855,0.0,0.506857,0.0,0.0462158809411153,0.683496560062603,0.5875243252296156,0.7400113085591696,False,False,,,
CHIT,KAIT,823.7799,31322,0.942597,0.0,0.951267,0.0,0.0847614573011806,1.5662072431800131,1.400904214397869,1.650950000622074,False,False,,,
CHST,NCPT,844.4838,31255,0.039329,0.0,0.040992,0.0,0.127268475283175,0.2145600587887476,0.2651235046287774,0.2991185999719832,False,False,,,
NBRT,GBIT,846.7387,31293,0.018814,0.000874,0.083494,0.0,0.1318979931444282,0.2550048007699638,0.1873343638591522,0.3390363270922205,False,False,,,
WLGT,PUYT,846.9764,31316,-0.657665,0.0,-0.677438,0.0,0.1323860131877206,1.5886640067514948,1.580027565687593,1.6250258324964066,False,False,,,
CHIT,LOTT,854.2296,31314,0.659906,0.0,0.657802,0.0,0.1472775023673921,1.0088899360675605,0.863790897472594,1.1178759395005282,False,False,,,
OTAT,NAPT,872.024,31318,0.52571,0.0,0.524833,0.0,0.1838110482586881,0.7443263194499012,0.6204248380166558,0.8671000025011376,False,False,,,
NBRT,CHIT,876.3543,31322,0.931315,0.0,0.953165,0.0,0.1927015539106391,1.5439650994299727,1.4043780224346851,1.6510287579404537,False,False,,,
NCPT,KAIT,891.1636,31296,0.076499,0.0,0.085223,0.0,0.2231064139322172,0.1412804555987986,0.1841698674968473,0.2746195459877843,False,False,,,
CHIT,TAUT,946.1426,31322,0.463562,0.0,0.461763,0.0,0.3359833763224951,0.6218032960695151,0.5049911852864253,0.8252579692628658,False,False,,,
CPIT,PUYT,967.1006,31317,-0.866417,0.0,-0.871479,0.0,0.379012085061749,2.0002126676368386,1.9351704451774725,1.998713043334266,False,False,,,
RBCT,GBIT,985.9885,31291,-0.085378,0.0,-0.023993,2.2e-05,0.417790687399575,0.460416380419336,0.3840620795879343,0.6138703472770755,False,False,,,
GBIT,RFRT,988.0044,31216,-0.088363,0.0,-0.085095,0.0,0.4219295161975262,0.4663012234519428,0.4958938070197172,0.5741178218137183,False,False,,,
RBCT,LOTT,989.6142,31312,0.562469,0.0,0.559747,0.0,0.4252345842063271,0.816795647770034,0.6843260676253964,1.0575257287889317,False,False,,,
LOTT,RFRT,992.3015,31237,0.186957,0.0,0.232576,0.0,0.4307518591846169,0.0764843657397912,0.0855224589778261,0.4860065839595315,False,False,,,
OTAT,GIST,999.3126,31288,-0.023641,2.9e-05,0.222425,0.0,0.4451462947148097,0.3387036319087662,0.0669436257946238,1.5261386933996302,False,False,,,
NBRT,NCPT,1011.2569,31296,-0.048859,0.0,-0.048197,0.0,0.46966904525371,0.388420205307855,0.4283613681670131,0.5605679323775766,False,False,,,
OTAT,TAUT,1018.2949,31319,-0.163054,0.0,-0.163234,0.0,0.4841187089671783,0.6135524163994941,0.6389074456860797,0.711475995953233,False,False,,,
CHIT,CHST,1019.1837,31281,-0.875557,0.0,-0.877368,0.0,0.4859434974168134,2.018231918999662,1.9459487673738944,2.012272138731213,False,False,,,
OTAT,MNKT,1026.9055,31255,-0.547165,0.0,-0.88675,0.0,0.5017970656553272,1.370816383601391,1.9631201409257415,2.633956317875327,False,False,,,
RBCT,NCPT,1027.7883,31294,0.521042,0.0,0.550609,0.0,0.5036095355510715,0.7351234895416235,0.6676012742426654,1.01297933692453,False,False,,,
NCPT,RFRT,1028.947,31219,0.195764,0.0,0.236299,0.0,0.5059884536165439,0.0938471170256098,0.0923364670500419,0.5625887612006863,False,False,,,
OTAT,CHIT,1041.7657,31319,0.750736,0.0,0.749626,0.0,0.532306428075742,1.187958710825243,1.0318514607879687,1.4667488970224745,False,False,,,
OTAT,AUCT,1057.06,31315,-0.230333,0.0,-0.23147,0.0,0.5637070378701295,0.7461910610865153,0.7637961523247354,0.8473393728879619,False,False,,,
RBCT,TAUT,1079.3908,31320,0.586694,0.0,0.5818,0.0,0.6095542317395126,0.8645545497683261,0.7246884957791901,1.219566567403508,False,False,,,
RBCT,AUCT,1081.029,31316,0.697075,0.0,0.693276,0.0,0.6129176075700618,1.0821675677858067,0.9287170651743888,1.4175284147430631,False,False,,,
TAUT,RFRT,1081.762,31245,0.223576,0.0,0.25473,0.0,0.6144225242370086,0.1486776880215437,0.1260697420376887,0.6879685741662941,False,False,,,
AUCT,RFRT,1083.0431,31241,0.441242,0.0,0.460284,0.0,0.6170527408018461,0.5778000476648969,0.5022842505728053,0.9674789650088432,False,False,,,
CHIT,MNKT,1092.3284,31258,-0.452882,0.0,-0.729515,0.0,0.636116318874973,1.18494011705423,1.6753413176018508,2.2032373058940173,False,False,,,
CHIT,AUCT,1094.297,31318,0.342613,0.0,0.34342,0.0,0.6401580364064213,0.3833557650977331,0.2883943125251493,0.8537346101549796,False,False,,,
RBCT,GIST,1110.1327,31289,-0.268308,0.0,0.08544,0.0,0.6726701903801883,0.8210576989971505,0.1837727039857888,2.398130557188733,False,False,,,
OTAT,LOTT,1110.3325,31311,0.066365,0.0,0.066373,0.0,0.6730803982247391,0.1612593498341213,0.21867001580769,0.6781618776160895,False,False,,,
CHIT,GBIT,1111.8101,31293,0.068943,0.0,0.167164,0.0,0.6761140474294876,0.1561768957845198,0.0341976312772846,0.8575215649223039,False,False,,,
GIST,RFRT,1112.8858,31214,-0.585963,0.0,-0.181735,0.0,0.6783225588328095,1.447305542723361,0.6727688379353584,2.956103129139225,False,False,,,
RBCT,MNKT,1115.1252,31256,0.063876,0.0,0.054528,0.0,0.6829202537631789,0.1661663429021811,0.2403492867223813,0.6985210126452618,False,False,,,
NAPT,PUYT,1116.7913,31316,-0.854386,0.0,-0.863653,0.0,0.6863409108693186,1.976493891581464,1.9208469353270397,1.982680220181978,False,False,,,
RFRT,MNKT,1117.133,31214,0.036998,0.0,0.011304,0.045818,0.6870424525133783,0.2191555593277783,0.3194598655334084,0.7338144256941541,False,False,,,
OTAT,GBIT,1144.7377,31290,-0.017468,0.002002,-0.04246,0.0,0.743717449943213,0.3265337370879011,0.4178612434529917,0.7926498669367906,False,False,,,
PUYT,MNKT,1200.4608,31253,0.328518,0.0,0.564005,0.0,0.8581221183251353,0.3555678714479528,0.6921192576257978,1.754575292850544,False,False,,,
TAUT,PUYT,1227.9679,31317,-0.696337,0.0,-0.700018,0.0,0.9145967339450196,1.6649047604389229,1.621354533796815,1.7410696006909676,False,False,,,
NAPT,RBCT,1228.934,31319,0.556182,0.0,0.554211,0.0,0.9165802264306092,0.8044010051750592,0.6741938224769176,1.3989342667933635,False,False,,,
NAPT,RFRT,1231.5969,31244,0.387886,0.0,0.403722,0.0,0.9220474059564112,0.4726102034947888,0.3987618426811405,1.163866280663686,False,False,,,
AUCT,PUYT,1233.5221,31313,-0.606674,0.0,-0.612921,0.0,0.9260000192813854,1.4881366931583098,1.4619455461347746,1.593596971945254,False,False,,,
GIST,PUYT,1247.0455,31286,-0.12392,0.0,-0.608924,0.0,0.953764807895014,0.5364008427854111,1.4546300504956,3.286370080902288,False,False,,,
OTAT,NCPT,1283.9819,31293,-0.459267,0.0,-0.488186,0.0,1.0295986468813954,1.197527963876071,1.2336497371399229,1.4243668894389454,False,False,,,
GBIT,PUYT,1327.0693,31288,-0.049142,0.0,-0.19617,0.0,1.1180610566977776,0.3889781317997236,0.6991884475304253,1.4633702356943112,False,False,,,
PUYT,LOTT,1346.3435,31309,-0.816121,0.0,-0.820877,0.0,1.1576327685969148,1.901055526877041,1.842556306990456,2.027085876284632,False,False,,,
CHIT,PUYT,1355.5071,31317,-0.81367,0.0,-0.820666,0.0,1.1764464853352978,1.8962234497336845,1.842170124958966,2.029680009349938,False,False,,,
CPIT,RBCT,1397.2804,31320,0.354027,0.0,0.35336,0.0,1.2622109265404453,0.405858143112532,0.3065869636768616,1.454424122827097,False,False,,,
CPIT,RFRT,1399.961,31245,0.144197,0.0,0.167563,0.0,1.267714445800224,0.0078157642683395,0.0334673628859835,1.31000104509612,False,False,,,
CHIT,NCPT,1402.2034,31296,0.124647,0.0,0.132813,0.0,1.2723183000075389,0.0463580360564348,0.0970684320531868,1.297782799639216,False,False,,,
NCPT,PUYT,1407.4718,31291,-0.418986,0.0,-0.453364,0.0,1.2831348115602577,1.118115112218973,1.1699168902178982,1.5320665460258336,False,False,,,
WLGT,RBCT,1489.867,31319,0.269176,0.0,0.271262,0.0,1.4522997634789796,0.2385767976653875,0.1563273787419248,1.5695918238614852,False,False,,,
WLGT,RFRT,1492.4174,31244,0.125163,0.0,0.168869,0.0,1.4575359701193364,0.0453407566578334,0.0310770608332535,1.5227603056139931,False,False,,,
RBCT,KAIT,1642.9568,31320,0.218394,0.0,0.224725,0.0,1.766607255374706,0.1384615216580701,0.0711531929625251,1.8593884287206863,False,False,,,
CHIT,RBCT,1645.0236,31320,0.299351,0.0,0.301076,0.0,1.7708505865714943,0.2980659562948389,0.2108943507174931,1.918749200060884,False,False,,,
KAIT,RFRT,1645.4843,31245,0.068042,0.0,0.097787,0.0,1.7717964462010478,0.1579531917886668,0.1611746492805382,1.814160398199047,False,False,,,
CHIT,RFRT,1648.2966,31245,0.122909,0.0,0.143417,0.0,1.7775703577187212,0.049784453875755,0.0776604971625674,1.830611887842791,False,False,,,
CHST,RBCT,1700.2194,31279,-0.103683,0.0,-0.105313,0.0,1.88417265937568,0.4965041699375501,0.5328977326721637,1.8843669621791272,False,False,,,
CHST,RFRT,1702.4842,31204,0.019379,0.000618,-0.005212,0.35721,1.8888225028508523,0.2538909192579293,0.3496882182921287,1.894043048919592,False,False,,,
NBRT,RBCT,1787.646,31320,0.203595,0.0,0.209528,0.0,2.0636675399684488,0.1092857119295779,0.0433389354622664,2.1587508277388383,False,False,,,
NBRT,RFRT,1790.165,31245,0.118922,0.0,0.128564,0.0,2.0688392795101125,0.0576447115544832,0.1048451498342356,2.1243245333465586,False,False,,,
OTAT,RBCT,2093.5067,31317,-0.054388,0.0,-0.051191,0.0,2.691627792620626,0.3993204723521711,0.4338411264716637,2.715814304378426,False,False,,,
OTAT,RFRT,2096.0177,31242,0.039526,0.0,0.033713,0.0,2.6967831074237685,0.2141716788633126,0.2784458695918874,2.738281855467391,False,False,,,
